rid,complete,start_time,end_time,duration,identifier,qpid,qsid,qhid,qkt6,qkt5,qkt1,qkt4,qkt3,qkt2,Qktcomp) Computational Logic
609,COMPLETED,2009-09-03 14:49:30,2009-09-03 14:57:24,474,t0074707,1,1,t0074707,2,,,,,,6
610,COMPLETED,2009-09-03 15:06:36,2009-09-03 15:09:22,166,t0087158,1,1,t0087158,,,,,,2,2
604,COMPLETED,2009-09-03 15:16:56,2009-09-03 15:18:48,112,t0012452,3,PDYNCJXL,t0012452,2,,,,,,6
987,COMPLETED,2009-09-03 15:43:01,2009-09-03 16:30:05,2824,12220690,227,SNDYGAYP,12220690,,,,,2,,3
988,COMPLETED,2009-09-03 15:43:34,2009-09-25 20:51:53,1919299,11830569,187,MEVMJHTH,11830569,,,,,1,,3
989,COMPLETED,2009-09-03 15:46:07,2009-09-03 15:58:34,747,12420753,248,MXBUOLYM,12420753,,,,,2,,3
990,COMPLETED,2009-09-03 15:50:25,2009-09-03 16:05:22,897,14541476,474,JGGTSWKG,14541476,,,1,,,,1
991,COMPLETED,2009-09-03 15:51:19,2009-09-03 16:07:53,994,44350205,736,IMBFXCTS,44350205,1,,,,,,6
992,COMPLETED,2009-09-03 15:53:10,2009-09-03 16:41:11,2881,60930041,838,UJJENWKJ,60930041,,,,,,1,2
993,COMPLETED,2009-09-03 15:54:08,2009-09-03 18:08:10,8042,24850234,613,XABSSDLF,24850234,,,1,,,,1
994,COMPLETED,2009-09-03 15:54:32,2009-09-03 16:22:04,1652,21150056,551,SVSDFMVU,21150056,2,,,,,,6
995,COMPLETED,2009-09-03 15:56:28,2009-09-03 16:22:24,1556,81330061,941,VWEQUFSO,81330061,,,,,,2,2
996,COMPLETED,2009-09-03 16:00:27,2009-09-03 16:19:43,1156,14611496,480,LMXYGUUI,14611496,,,,,,2,2
997,COMPLETED,2009-09-03 16:01:34,2009-09-03 16:20:31,1137,84650231,966,RQNKNCJX,84650231,,,1,,,,1
998,COMPLETED,2009-09-03 16:04:40,2009-09-04 08:19:12,58472,84440217,964,MJVMHSUQ,84440217,,1,,,,,5
999,COMPLETED,2009-09-03 16:05:48,2009-09-03 16:24:18,1110,34440210,681,GYSXPCBY,34440210,,1,,,,,5
1000,COMPLETED,2009-09-03 16:07:30,2009-09-03 16:18:53,683,24050192,593,DPSEUTPI,24050192,,,,2,,,4
1001,COMPLETED,2009-09-03 16:12:28,2009-09-03 17:01:18,2930,12320723,239,YJKRIRNW,12320723,,1,,,,,5
1002,COMPLETED,2009-09-03 16:16:01,2009-09-03 16:45:01,1740,11730536,174,VCREVSGL,11730536,1,,,,,,6
1003,COMPLETED,2009-09-03 16:16:43,2009-09-26 08:52:46,1960563,90520021,971,YXOBBJUT,90520021,,,1,,,,1
1004,COMPLETED,2009-09-03 16:17:50,2009-09-03 16:32:48,898,92430111,978,UPCBKTOI,92430111,2,,,,,,6
1005,COMPLETED,2009-09-03 16:28:13,2009-09-03 16:54:17,1564,10410093,38,TTKOJRXO,10410093,2,,,,,,6
1006,COMPLETED,2009-09-03 16:30:09,2009-09-03 16:59:45,1776,10830250,75,TYIKJWUY,10830250,,,,2,,,4
1007,COMPLETED,2009-09-03 16:32:35,2009-09-03 16:45:35,780,13411079,328,EVIIKNQM,13411079,,,,,,,3
1008,COMPLETED,2009-09-03 16:32:59,2009-09-04 23:52:41,112782,30650030,625,NLLOSDXB,30650030,,,,,,,4
1009,COMPLETED,2009-09-03 16:34:45,2009-09-03 16:50:17,932,42830130,719,EKBEICKN,42830130,,,,,1,,3
1010,COMPLETED,2009-09-03 16:35:38,2009-09-03 17:22:58,2840,20820037,544,SEVZSOQS,20820037,2,,,,,,6
1011,COMPLETED,2009-09-03 16:39:06,2009-09-03 17:02:36,1410,44430209,738,HJSUJYEH,44430209,,,,,,1,2
1012,COMPLETED,2009-09-03 16:44:18,2009-09-03 16:55:45,687,14041681,889,GDJRSFVP,14041681,,,,,,2,2
1013,COMPLETED,2009-09-03 16:59:31,2009-09-03 17:29:47,1816,71710078,915,KHNIESMK,71710078,1,,,,,,6
1014,COMPLETED,2009-09-03 17:04:54,2009-09-03 17:48:11,2597,31910086,644,QIIFROJF,31910086,2,,,,,,6
1015,COMPLETED,2009-09-03 17:06:44,2009-09-03 17:28:13,1289,11810560,184,AYKMOPOI,11810560,,,,,,2,2
1016,COMPLETED,2009-09-03 17:08:19,2009-09-03 17:37:57,1778,13521110,342,PMLAPFLI,13521110,1,,,,,,6
1017,COMPLETED,2009-09-03 17:11:18,2009-09-03 17:48:11,2213,60410014,831,YPMWQEGD,60410014,,,,,1,,3
1018,COMPLETED,2009-09-03 17:12:52,2009-09-08 11:27:03,411251,44140194,733,REBQALOF,44140194,,1,,,,,5
1019,COMPLETED,2009-09-03 17:14:12,2009-09-07 03:00:14,294362,11340422,135,WBUHVHCY,11340422,,,,,,1,2
1020,COMPLETED,2009-09-03 17:14:27,2009-09-03 17:45:04,1837,24830232,612,VBPLQUVC,24830232,,,,2,,,4
1021,COMPLETED,2009-09-03 17:15:09,2009-09-03 19:31:56,8207,41810082,709,OVPXEPRS,41810082,,,1,,,,1
1022,COMPLETED,2009-09-03 17:18:21,2009-09-03 17:36:23,1082,41540070,705,JDIQOTQR,41540070,,1,,,,,5
1023,COMPLETED,2009-09-03 17:18:25,2009-09-03 17:36:48,1103,14141322,429,IJBQDEJC,14141322,,,,,1,,3
1024,COMPLETED,2009-09-03 17:18:57,2009-09-03 17:42:15,1398,54140195,808,DNCVPOUJ,54140195,,,1,,,,1
1025,COMPLETED,2009-09-03 17:26:11,2009-09-03 17:46:11,1200,14251371,446,DRFLEFBH,14251371,,,,,1,,3
1026,COMPLETED,2009-09-03 17:28:11,2009-09-03 17:44:04,953,14721547,502,THGGMWCF,14721547,,,,,,1,2
1027,COMPLETED,2009-09-03 17:31:45,2009-09-03 17:42:19,634,11750549,177,CUMTFZQE,11750549,,,,,,,2
1028,COMPLETED,2009-09-03 17:36:49,2009-09-03 18:48:46,4317,10640195,59,CELOMVOE,10640195,,,1,,,,1
1029,COMPLETED,2009-09-03 17:37:38,2009-09-03 18:07:11,1773,60730031,836,NSDJUXAR,60730031,,2,,,,,5
1030,COMPLETED,2009-09-03 17:42:02,2009-09-03 18:56:33,4471,14211347,438,LTCHDGQH,14211347,2,,,,,,6
1031,COMPLETED,2009-09-03 17:48:51,2009-09-03 18:20:36,1905,14541477,475,DBHTIJVJ,14541477,2,,,,,,6
1032,COMPLETED,2009-09-03 17:49:22,2009-09-03 18:11:21,1319,32130097,647,NMEOKRYC,32130097,,,1,,,,1
1033,COMPLETED,2009-09-03 17:54:36,2009-09-03 18:20:31,1555,40410014,693,MVJLLVOY,40410014,,,1,,,,1
1034,COMPLETED,2009-09-03 17:57:19,2009-09-03 18:18:18,1259,15021635,527,QGZCNRHY,15021635,2,,,,,,6
1035,COMPLETED,2009-09-03 18:01:26,2009-09-03 18:26:22,1496,13721173,372,SONLDTJH,13721173,,,2,,,,1
1036,COMPLETED,2009-09-03 18:04:30,2009-09-03 18:41:31,2221,14941618,525,HYMQLWQR,14941618,,1,,,,,5
1037,COMPLETED,2009-09-03 18:11:58,2009-09-03 18:26:46,888,33240152,659,TQRTGFTD,33240152,,,,,2,,3
1038,COMPLETED,2009-09-03 18:13:08,2009-09-03 18:33:05,1197,11510457,145,KXSMWUUK,11510457,,,,2,,,4
1039,COMPLETED,2009-09-03 18:13:57,2009-09-03 18:47:11,1994,12710844,282,QSKMJDDL,12710844,2,,,,,,6
1040,COMPLETED,2009-09-03 18:27:31,2009-09-03 18:57:48,1817,21550072,559,UYTRTIMG,21550072,,,,,1,,3
1041,COMPLETED,2009-09-03 18:30:57,2009-09-03 20:34:55,7438,54730226,820,MQYSKBRL,54730226,,,1,,,,1
1042,COMPLETED,2009-09-03 18:34:44,2009-09-03 19:07:05,1941,10130014,10,LMSUWJUN,10130014,,2,,,,,5
1043,COMPLETED,2009-09-03 18:38:23,2009-09-03 18:49:46,683,72830132,921,DDHPPVMC,72830132,,,1,,,,1
1044,COMPLETED,2009-09-03 18:39:49,2009-09-08 19:53:16,436407,12630826,278,KMTHSNPI,12630826,,,1,,,,1
1045,COMPLETED,2009-09-03 18:42:46,2009-09-03 18:54:37,711,22020093,563,SBXKJJFF,22020093,,,1,,,,1
1046,COMPLETED,2009-09-03 18:52:22,2009-09-03 19:17:31,1509,54720225,819,ICJPBBLN,54720225,,,,,,2,2
1047,COMPLETED,2009-09-03 19:01:59,2009-09-03 19:36:16,2057,11840575,189,JDNXJQIB,11840575,,,,,,2,2
1048,COMPLETED,2009-09-03 19:03:35,2009-09-03 20:00:16,3401,13321052,319,LEMPTSFJ,13321052,2,,,,,,6
1049,COMPLETED,2009-09-03 19:05:50,2009-09-03 19:18:13,743,20730033,542,ETOBDJOI,20730033,,,,,,2,2
1050,COMPLETED,2009-09-03 19:12:09,2009-09-03 19:27:44,935,14211344,436,XABLQANL,14211344,,,,,,1,2
1051,COMPLETED,2009-09-03 19:12:39,2009-09-05 11:02:24,143385,40730033,699,DVDNKGEF,40730033,,1,,,,,5
1052,COMPLETED,2009-09-03 19:27:46,2009-09-03 19:53:44,1558,13421710,895,UUCDDETL,13421710,,,1,,,,1
1053,COMPLETED,2009-09-03 19:33:17,2009-09-03 20:21:25,2888,54610218,815,DJSZGYYK,54610218,,,,,,1,2
1054,COMPLETED,2009-09-03 19:34:04,2009-09-03 20:21:18,2834,12440773,256,RWQQTTZW,12440773,,,,,,2,2
1055,COMPLETED,2009-09-03 19:42:14,2009-09-03 20:17:45,2131,50140003,759,POJHXFOO,50140003,,,,2,,,4
1056,COMPLETED,2009-09-03 19:44:41,2009-09-03 20:08:15,1414,13941257,408,XLCMDPGI,13941257,,,,2,,,4
1057,COMPLETED,2009-09-03 19:46:08,2009-09-03 20:11:13,1505,13931256,407,VRQGECJK,13931256,2,,,,,,6
1058,COMPLETED,2009-09-03 19:47:50,2009-09-03 20:07:55,1205,13851237,402,CRBRTMFX,13851237,,,,,2,,3
1059,COMPLETED,2009-09-03 19:48:40,2009-09-12 22:37:08,787708,11010305,89,OFGCKNPR,11010305,,,,,2,,3
1060,COMPLETED,2009-09-03 19:50:43,2009-09-03 20:03:12,749,10240045,21,DKFLSNUI,10240045,,,,,,2,2
1061,COMPLETED,2009-09-03 19:52:37,2009-09-03 20:14:47,1330,21520069,557,NBNWICSX,21520069,,2,,,,,5
1062,COMPLETED,2009-09-03 19:52:53,2009-09-03 20:23:38,1845,14411408,449,UKPLRNYU,14411408,,1,,,,,5
1063,COMPLETED,2009-09-03 19:58:47,2009-09-03 20:27:11,1704,14611504,483,ORCGEOHH,14611504,,,,,1,,3
1064,COMPLETED,2009-09-03 20:03:23,2009-09-07 11:42:08,315525,34050190,676,RRABRYWY,34050190,,1,,,,,5
1065,COMPLETED,2009-09-03 20:09:45,2009-09-03 21:14:14,3869,10730222,69,TLIFPMOJ,10730222,1,,,,,,6
1066,COMPLETED,2009-09-03 20:11:47,2009-09-03 20:32:03,1216,10620185,56,WQETOEEL,10620185,,,,2,,,4
1067,COMPLETED,2009-09-03 20:11:55,2009-09-03 20:39:37,1662,54910234,824,ECQJYCMP,54910234,,,,2,,,4
1068,COMPLETED,2009-09-03 20:12:08,2009-09-03 20:48:11,2163,14111305,422,QKBXOFME,14111305,,,1,,,,1
1069,COMPLETED,2009-09-03 20:13:58,2009-09-03 20:23:22,564,14811565,510,UDJYMMLO,14811565,,,,2,,,4
1070,COMPLETED,2009-09-03 20:22:01,2009-09-03 21:32:59,4258,33030142,657,GDKSMMQS,33030142,,,1,,,,1
1071,COMPLETED,2009-09-03 20:26:05,2009-09-03 21:38:54,4369,53430158,795,NXJDDRFP,53430158,,2,,,,,5
1072,COMPLETED,2009-09-03 20:26:32,2009-09-09 10:23:50,482238,51630073,774,IGQRVBVW,51630073,,1,,,,,5
1073,COMPLETED,2009-09-03 20:38:22,2009-09-03 21:03:10,1488,11950606,201,WFGXIZJP,11950606,,,,,,1,2
1074,COMPLETED,2009-09-03 21:03:55,2009-09-03 21:27:06,1391,11750550,178,TSZIFAFA,11750550,,1,,,,,5
1075,COMPLETED,2009-09-03 21:13:13,2009-09-03 21:40:16,1623,22750130,575,CSHJFWWI,22750130,,,1,,,,1
1076,COMPLETED,2009-09-03 21:14:55,2009-09-03 21:34:46,1191,14831574,513,NWDVEBCO,14831574,,,1,,,,1
1077,COMPLETED,2009-09-03 21:16:05,2009-09-03 22:08:05,3120,54640222,817,MPPDZXUW,54640222,,1,,,,,5
1078,COMPLETED,2009-09-03 21:16:19,2009-09-03 21:47:49,1890,54850232,823,HCRYLYTK,54850232,,,,,2,,3
1079,COMPLETED,2009-09-03 21:17:12,2009-09-03 21:55:07,2275,12020623,206,KJOTINSU,12020623,,,,,2,,3
1080,COMPLETED,2009-09-03 21:22:35,2009-09-03 21:50:44,1689,10920282,81,PYEDNLWO,10920282,1,,,,,,6
1081,COMPLETED,2009-09-03 21:25:19,2009-09-03 21:44:26,1147,53620166,799,VDNXMPXF,53620166,1,,,,,,6
1082,COMPLETED,2009-09-03 21:26:19,2009-09-03 22:00:21,2042,11020314,92,SRWYJWZD,11020314,,,,,2,,3
1083,COMPLETED,2009-09-03 21:40:49,2009-09-04 16:55:47,69298,11120359,109,KXHKJIVW,11120359,,,,2,,,4
1084,COMPLETED,2009-09-03 21:51:50,2009-09-10 23:22:49,610259,12210683,221,ISNDJCSO,12210683,,,1,,,,1
1085,COMPLETED,2009-09-03 21:59:45,2009-09-03 22:14:44,899,14721545,501,TYECYAQX,14721545,,2,,,,,5
1086,COMPLETED,2009-09-03 22:04:18,2009-09-03 22:29:43,1525,12350743,243,OJSXCMQZ,12350743,,,1,,,,1
1087,COMPLETED,2009-09-03 22:08:35,2009-09-03 23:39:41,5466,14631518,489,ESNKFVGD,14631518,,,,,2,,3
1088,COMPLETED,2009-09-03 22:09:38,2009-09-03 22:19:06,568,13831216,392,TEYXAZFK,13831216,,2,,,,,5
1089,COMPLETED,2009-09-03 22:13:07,2009-09-03 22:33:24,1217,13341069,324,JKYHSXWQ,13341069,,,,2,,,4
1090,COMPLETED,2009-09-03 22:15:21,2009-09-03 23:12:40,3439,31850085,643,YTGOOZCG,31850085,,,,,1,,3
1091,COMPLETED,2009-09-03 22:18:15,2009-09-03 22:36:15,1080,14231355,443,JTYINEBG,14231355,,,,,2,,3
1092,COMPLETED,2009-09-03 22:24:20,2009-09-03 22:45:16,1256,32530117,654,VCPVKOPQ,32530117,,,,2,,,4
1093,COMPLETED,2009-09-03 22:34:22,2009-09-08 23:21:45,434843,60630027,834,NMQKTTLJ,60630027,,,,,,2,2
1094,COMPLETED,2009-09-03 22:40:52,2009-09-03 22:50:54,602,13451100,338,GFSRPTCL,13451100,,,,,2,,3
1095,COMPLETED,2009-09-03 22:41:45,2009-09-03 23:49:00,4035,14821567,511,HJWRVOPI,14821567,,,2,,,,1
1096,COMPLETED,2009-09-03 22:43:39,2009-09-03 23:07:01,1402,14141326,432,PRMIODHG,14141326,,,,,,1,2
1097,COMPLETED,2009-09-03 22:44:35,2009-09-03 23:03:33,1138,61720077,852,OHQNEBKK,61720077,,1,,,,,5
1098,COMPLETED,2009-09-03 22:52:00,2009-09-03 23:29:01,2221,22030094,564,OGFEWMVZ,22030094,,,,2,,,4
1099,COMPLETED,2009-09-03 23:07:01,2009-09-03 23:29:46,1365,34620223,687,MWDQCLRV,34620223,,,1,,,,1
1100,COMPLETED,2009-09-03 23:42:22,2009-09-04 00:13:04,1842,11030328,94,WOOSFRCC,11030328,2,,,,,,6
1101,COMPLETED,2009-09-03 23:46:39,2009-09-04 00:42:17,3338,14041294,416,EINMJGJE,14041294,2,,,,,,6
1102,COMPLETED,2009-09-04 00:08:35,2009-09-10 23:32:52,602657,14621516,488,RLVLYUSM,14621516,,,,,,2,2
1103,COMPLETED,2009-09-04 00:18:37,2009-09-04 00:31:43,786,73830180,925,JZUFKBRQ,73830180,,,2,,,,1
1104,COMPLETED,2009-09-04 00:48:19,2009-09-04 01:16:24,1685,64020186,874,XJRMRAOD,64020186,,,,,,,6
1105,COMPLETED,2009-09-04 01:13:21,2009-09-04 01:29:35,974,15021636,528,OBMLWGEJ,15021636,,,,,2,,3
1106,COMPLETED,2009-09-04 01:16:05,2009-09-04 01:25:01,536,33320155,660,JLVPMNMO,33320155,,,,1,,,4
1107,COMPLETED,2009-09-04 02:05:25,2009-09-04 02:19:06,821,11640506,165,GJNGMHUC,11640506,,,,2,,,4
1108,COMPLETED,2009-09-04 03:26:15,2009-09-04 03:36:30,615,44640223,749,GAPELJYX,44640223,,,,,,2,2
1109,COMPLETED,2009-09-04 05:43:11,2009-09-04 05:59:55,1004,24540219,604,QIHULGUR,24540219,,,1,,,,1
1110,COMPLETED,2009-09-04 05:44:04,2009-09-04 07:22:35,5911,14531461,467,SLGVJXNR,14531461,,2,,,,,5
1111,COMPLETED,2009-09-04 05:59:52,2009-09-04 06:16:40,1008,53230149,790,XBWCHATK,53230149,,,2,,,,1
1112,COMPLETED,2009-09-04 06:21:20,2009-09-12 09:32:12,702652,10650201,60,FUUJHKBY,10650201,,,,,2,,3
1113,COMPLETED,2009-09-04 06:27:23,2009-09-04 15:32:46,32723,40450019,695,PFIQVHFY,40450019,,,,2,,,4
1114,COMPLETED,2009-09-04 06:30:53,2009-09-04 06:57:08,1575,11050340,99,PUTXADOF,11050340,,,,2,,,4
1115,COMPLETED,2009-09-04 06:41:53,2009-09-04 06:52:43,650,10210030,17,CRVUJDBZ,10210030,,2,,,,,5
1116,COMPLETED,2009-09-04 06:45:49,2009-09-04 07:00:27,878,10140021,14,HYHGDOIE,10140021,,,,,,1,2
1117,COMPLETED,2009-09-04 07:10:27,2009-09-04 07:43:50,2003,11150373,119,UPKVHRNR,11150373,,,,,2,,3
1118,COMPLETED,2009-09-04 07:11:14,2009-09-04 07:25:56,882,50420015,763,KIKHREHB,50420015,,1,,,,,5
1119,COMPLETED,2009-09-04 07:20:20,2009-09-04 08:06:12,2752,61640073,850,VRGENRFS,61640073,,,,,2,,3
1120,COMPLETED,2009-09-04 07:26:37,2009-09-04 08:05:03,2306,32710124,655,RZWDLXKQ,32710124,,,,,,1,2
1121,COMPLETED,2009-09-04 07:29:02,2009-09-04 07:51:36,1354,10720215,65,CHTZVWQJ,10720215,,,,,,2,2
1122,COMPLETED,2009-09-04 07:29:06,2009-09-04 07:58:13,1747,14021279,411,NQPGEOWE,14021279,,,,,,2,2
1123,COMPLETED,2009-09-04 07:38:35,2009-09-04 08:29:28,3053,61050049,839,LPNYQIYQ,61050049,1,,,,,,6
1124,COMPLETED,2009-09-04 07:45:31,2009-09-04 07:56:16,645,32420111,651,UFRFKUUG,32420111,,1,,,,,5
1125,COMPLETED,2009-09-04 07:55:36,2009-09-04 08:34:34,2338,10830252,76,FVDKFREQ,10830252,,,,,1,,3
1126,COMPLETED,2009-09-04 07:56:20,2009-09-04 08:19:42,1402,31240058,631,QDNHLJIO,31240058,,,1,,,,1
1127,COMPLETED,2009-09-04 07:58:28,2009-09-04 08:17:47,1159,11530470,151,FYEMPQJU,11530470,,1,,,,,5
1128,COMPLETED,2009-09-04 08:00:55,2009-09-10 09:49:19,524904,10560168,52,DOYQEKOC,10560168,,,,,1,,3
1129,COMPLETED,2009-09-04 08:23:51,2009-09-04 08:43:52,1201,92630120,980,RMXUGMML,92630120,2,,,,,,6
1130,COMPLETED,2009-09-04 08:27:38,2009-09-04 08:49:40,1322,24240200,597,SEQSFCQB,24240200,,,,,,2,2
1131,COMPLETED,2009-09-04 08:49:13,2009-09-04 09:09:55,1242,21440067,556,AXTSJECY,21440067,2,,,,,,6
1132,COMPLETED,2009-09-04 08:50:33,2009-09-04 09:11:43,1270,84410213,962,EXVJDQKF,84410213,,1,,,,,5
1133,COMPLETED,2009-09-04 09:08:17,2009-09-08 15:56:56,370119,62650121,864,YNXXPDVG,62650121,,,,,,,4
1134,COMPLETED,2009-09-04 09:15:16,2009-09-04 09:40:01,1485,54120191,806,GHUPIFUY,54120191,,1,,,,,5
1135,COMPLETED,2009-09-04 09:38:50,2009-09-04 10:10:49,1919,13551132,347,YMSEDPLG,13551132,,,1,,,,1
1136,COMPLETED,2009-09-04 09:58:49,2009-09-04 10:52:00,3191,11210375,120,TJMVQSEX,11210375,,,,,1,,3
1137,COMPLETED,2009-09-04 10:07:16,2009-09-04 10:48:39,2483,11620491,160,KDDPJLQM,11620491,,,,,,2,2
1138,COMPLETED,2009-09-04 10:09:51,2009-09-04 13:23:54,11643,61340060,846,YHOISBQG,61340060,,,,2,,,4
1139,COMPLETED,2009-09-04 10:10:42,2009-09-04 10:29:43,1141,11220385,127,YVDFDCUD,11220385,,,,,,1,2
1140,COMPLETED,2009-09-04 10:14:32,2009-09-04 15:00:39,17167,64650223,883,VKKKLRBG,64650223,,,,2,,,4
1141,COMPLETED,2009-09-04 10:17:02,2009-09-04 10:39:03,1321,13721165,368,QWPDVPDQ,13721165,2,,,,,,6
1142,COMPLETED,2009-09-04 10:24:42,2009-09-25 19:01:28,1845406,53510160,796,PQNYPXHD,53510160,2,,,,,,6
1143,COMPLETED,2009-09-04 10:26:35,2009-09-04 10:54:47,1692,13221023,311,NXNNMXJE,13221023,,,,,,1,2
1144,COMPLETED,2009-09-04 10:33:59,2009-09-04 11:42:41,4122,14151338,435,VFRUKIQZ,14151338,,,,,1,,3
1145,COMPLETED,2009-09-04 10:36:13,2009-09-04 12:18:20,6127,22920137,578,YRNOTPAP,22920137,,,,,,2,2
1146,COMPLETED,2009-09-04 10:49:09,2009-09-04 11:11:05,1316,11150371,118,DLIYOGPO,11150371,,2,,,,,5
1147,COMPLETED,2009-09-04 11:12:36,2009-09-04 11:29:47,1031,12320725,240,RJJMWSFX,12320725,,,,2,,,4
1148,COMPLETED,2009-09-04 11:18:21,2009-09-04 11:28:34,613,50930042,764,LKSPBEBN,50930042,,,,,2,,3
1149,COMPLETED,2009-09-04 11:22:41,2009-09-04 12:02:15,2374,14621513,486,YYXWXPZE,14621513,1,,,,,,6
1150,COMPLETED,2009-09-04 11:24:47,2009-09-04 17:07:03,20536,14911598,516,GFLDOGME,14911598,,,2,,,,1
1151,COMPLETED,2009-09-04 11:26:05,2009-09-29 09:30:13,2153048,40580026,696,ZJNZKNMX,40580026,,,,,1,,3
1152,COMPLETED,2009-09-04 11:27:52,2009-09-04 11:39:08,676,41550071,706,AEFQTGEE,41550071,,1,,,,,5
1153,COMPLETED,2009-09-04 11:29:29,2009-09-04 14:24:04,10475,14931616,524,XVEZXMQI,14931616,,,,,,2,2
1154,COMPLETED,2009-09-04 11:32:37,2009-09-04 12:03:28,1851,71050050,908,JYORABEE,71050050,,1,,,,,5
1155,COMPLETED,2009-09-04 11:59:13,2009-09-04 12:12:15,782,41050050,702,IUMXBMGF,41050050,,,,,1,,3
1156,COMPLETED,2009-09-04 12:20:55,2009-09-04 12:45:07,1452,13421084,331,OSHIPFZL,13421084,,,2,,,,1
1157,COMPLETED,2009-09-04 12:26:51,2009-09-04 12:49:38,1367,53210147,789,LMOVVLYD,53210147,,,,1,,,4
1158,COMPLETED,2009-09-04 12:28:13,2009-09-04 12:45:59,1066,23940186,589,KILQSMGQ,23940186,,,,2,,,4
1159,COMPLETED,2009-09-04 12:40:44,2009-09-04 13:11:03,1819,10570171,54,DJCCWPMV,10570171,2,,,,,,6
1160,COMPLETED,2009-09-04 12:58:22,2009-09-04 13:09:57,695,12230693,230,WRPHEOOY,12230693,2,,,,,,6
1161,COMPLETED,2009-09-04 13:13:58,2009-09-04 13:56:09,2531,53520161,797,JVEVWHTM,53520161,,,,,,2,2
1162,COMPLETED,2009-09-04 13:15:33,2009-09-04 13:33:01,1048,74750236,933,JIKOSCTY,74750236,,,,,2,,3
1163,COMPLETED,2009-09-04 13:20:05,2009-09-04 13:34:55,890,64050189,876,PTFMFKFK,64050189,,1,,,,,5
1164,COMPLETED,2009-09-04 13:23:31,2009-09-04 14:03:32,2401,34040188,674,YCXTKVBO,34040188,,,,,,2,2
1165,COMPLETED,2009-09-04 13:25:09,2009-09-04 13:53:23,1694,32410110,650,YOHKMOKD,32410110,,,,,1,,3
1166,COMPLETED,2009-09-04 13:39:02,2009-09-04 14:00:27,1285,32450114,652,VKHJTDJE,32450114,,,,,2,,3
1167,COMPLETED,2009-09-04 13:40:07,2009-09-04 13:57:21,1034,11120355,106,JKQTFMZN,11120355,,,1,,,,1
1168,COMPLETED,2009-09-04 13:47:01,2009-09-04 14:02:22,921,12720856,286,ULUPUKRX,12720856,2,,,,,,6
1169,COMPLETED,2009-09-04 13:57:36,2009-09-04 15:14:20,4604,43350158,723,MNFCDYET,43350158,,,1,,,,1
1170,COMPLETED,2009-09-04 13:58:48,2009-09-04 20:47:08,24500,54710224,818,QOPNRPXT,54710224,2,,,,,,6
1171,COMPLETED,2009-09-04 14:12:23,2009-09-10 14:50:52,520709,60580025,833,YQVXWWUC,60580025,,,,,2,,3
1172,COMPLETED,2009-09-04 14:40:12,2009-09-04 15:01:39,1287,14851594,514,MLOSBTQO,14851594,2,,,,,,6
1173,COMPLETED,2009-09-04 14:51:25,2009-09-04 14:55:28,243,11140364,114,MAWVIWEC,11140364,,1,,,,,5
1174,COMPLETED,2009-09-04 14:52:39,2009-09-04 20:01:06,18507,74110192,926,ASSLOONM,74110192,,,1,,,,1
1175,COMPLETED,2009-09-04 15:00:10,2009-09-04 15:26:30,1580,11430440,141,PPRGLVOC,11430440,,,1,,,,1
1176,COMPLETED,2009-09-04 15:05:16,2009-09-04 15:28:34,1398,71030046,907,BFJEAHPD,71030046,,,,,1,,3
1177,COMPLETED,2009-09-04 15:07:53,2009-09-04 15:37:06,1753,93510160,983,FBHKWOSU,93510160,,,,,,1,2
1178,COMPLETED,2009-09-04 15:19:54,2009-09-04 15:43:45,1431,22230103,568,KQZKQXDV,22230103,,,,,1,,3
1179,COMPLETED,2009-09-04 15:35:23,2009-09-04 16:07:40,1937,14051299,420,HZVYLSFO,14051299,,,,2,,,4
1180,COMPLETED,2009-09-04 15:42:53,2009-09-04 16:02:55,1202,14141333,433,PGSQWQXJ,14141333,,1,,,,,5
1181,COMPLETED,2009-09-04 15:45:57,2009-09-04 16:01:44,947,52920135,786,CHMPYEPD,52920135,2,,,,,,6
1182,COMPLETED,2009-09-04 15:54:28,2009-09-26 15:03:35,1897747,10520138,48,NJVCHHDQ,10520138,,,,2,,,4
1183,COMPLETED,2009-09-04 15:57:36,2009-09-04 16:10:35,779,10740226,70,AJHCKRFS,10740226,,,,,,,2
1184,COMPLETED,2009-09-04 15:59:59,2009-09-04 16:12:36,757,13951267,409,WBMLTIWL,13951267,,,,,,2,2
1185,COMPLETED,2009-09-04 16:11:27,2009-09-04 16:24:29,782,10150025,16,HDXGGRUX,10150025,,,,,,1,2
1186,COMPLETED,2009-09-04 16:35:43,2009-09-09 21:20:29,449086,33950185,673,XECDISUB,33950185,,,,1,,,4
1187,COMPLETED,2009-09-04 17:00:21,2009-09-04 17:24:16,1435,20150004,538,RVJNJCID,20150004,,,,,,2,2
1188,COMPLETED,2009-09-04 17:05:40,2009-09-04 19:13:49,7689,21210057,552,WMJWSRAW,21210057,,1,,,,,5
1189,COMPLETED,2009-09-04 17:06:54,2009-09-04 17:13:37,403,11910585,192,DLJBCMYZ,11910585,2,,,,,,6
1190,COMPLETED,2009-09-04 17:56:55,2009-09-04 18:24:46,1671,51120052,766,LLHKATJO,51120052,,,,,,2,2
1191,COMPLETED,2009-09-04 17:58:56,2009-09-04 18:29:45,1849,11350429,139,GJMXJBEI,11350429,,,2,,,,1
1192,COMPLETED,2009-09-04 18:15:33,2009-09-04 18:58:10,2557,14231354,442,FYIQGJWR,14231354,,,,,,2,2
1193,COMPLETED,2009-09-04 18:20:35,2009-09-04 18:31:27,652,44320202,735,XOTGCEVQ,44320202,,1,,,,,5
1194,COMPLETED,2009-09-04 18:21:06,2009-09-04 18:58:05,2219,13721181,377,DKYHUBIU,13721181,,2,,,,,5
1195,COMPLETED,2009-09-04 18:33:39,2009-09-04 18:58:15,1476,60820035,837,GTHGSUOB,60820035,,,,,2,,3
1196,COMPLETED,2009-09-04 19:09:15,2009-09-04 19:26:01,1006,11720534,172,TTLDRVBN,11720534,,,,,2,,3
1197,COMPLETED,2009-09-04 19:13:49,2009-09-09 22:46:18,444749,74920243,935,XVUPKGWT,74920243,2,,,,,,6
1198,COMPLETED,2009-09-04 19:17:17,2009-09-04 19:30:02,765,12540805,270,PQOQNBGJ,12540805,,,,,,2,2
1199,COMPLETED,2009-09-04 19:33:13,2009-09-04 19:53:07,1194,32030092,645,XUMLMVUR,32030092,,,,,,1,2
1200,COMPLETED,2009-09-04 19:37:41,2009-09-04 23:00:28,12167,14631523,492,EFPDQHOE,14631523,,,,,1,,3
1201,COMPLETED,2009-09-04 20:05:08,2009-09-04 22:47:16,9728,13631149,360,JWMATRXC,13631149,,,,,,1,2
1202,COMPLETED,2009-09-04 20:19:37,2009-09-04 20:31:46,729,12630825,277,QSMBOHYD,12630825,,,,,,1,2
1203,COMPLETED,2009-09-04 20:20:39,2009-09-04 20:42:49,1330,93650168,986,XGPVMSDI,93650168,,,,,,2,2
1204,COMPLETED,2009-09-04 20:20:47,2009-09-04 20:30:08,561,44450211,740,JKINKJHL,44450211,2,,,,,,6
1205,COMPLETED,2009-09-04 20:26:35,2009-09-04 20:59:41,1986,24720227,610,QHQLBNAC,24720227,,,,,1,,3
1206,COMPLETED,2009-09-04 20:30:59,2009-09-04 20:55:24,1465,30210005,617,LONAMHJB,30210005,,,,,1,,3
1207,COMPLETED,2009-09-04 20:33:03,2009-09-04 21:02:51,1788,10230044,20,CXJJLQRP,10230044,,,,,2,,3
1208,COMPLETED,2009-09-04 20:47:14,2009-09-04 21:06:12,1138,11010306,90,QTNXQINF,11010306,,,,,2,,3
1209,COMPLETED,2009-09-04 20:56:55,2009-09-04 21:10:15,800,53320153,793,XLDMQTIN,53320153,,,,,2,,3
1210,COMPLETED,2009-09-04 21:04:51,2009-09-04 21:23:25,1114,31750080,640,CDODIRGN,31750080,,,,1,,,4
1211,COMPLETED,2009-09-04 22:06:24,2009-09-04 22:19:53,809,22530118,571,DHSGYUUH,22530118,,,1,,,,1
1212,COMPLETED,2009-09-04 22:27:01,2009-09-04 22:49:58,1377,14141336,434,HDFGJIFE,14141336,,1,,,,,5
1213,COMPLETED,2009-09-04 22:40:33,2009-09-04 22:53:32,779,13851238,403,QKXXIWFW,13851238,,,,,,2,2
1214,COMPLETED,2009-09-04 22:42:15,2009-09-04 23:26:20,2645,10740225,537,YQSEVPJT,10740225,1,,,,,,6
1215,COMPLETED,2009-09-04 22:42:30,2009-09-04 22:57:12,882,74230209,929,AZVMTVOQ,74230209,,,1,,,,1
1216,COMPLETED,2009-09-05 00:01:09,2009-09-05 00:24:24,1395,14751559,508,BCVPEXPG,14751559,,,1,,,,1
1217,COMPLETED,2009-09-05 00:01:14,2009-09-06 14:42:12,139258,33420159,663,BIIHPOQB,33420159,,,,1,,,4
1218,COMPLETED,2009-09-05 00:13:48,2009-09-05 00:41:48,1680,64730225,884,FIHUJJCU,64730225,2,,,,,,6
1219,COMPLETED,2009-09-05 00:41:12,2009-09-05 01:02:08,1256,13110977,299,UPDWTIIC,13110977,1,,,,,,6
1220,COMPLETED,2009-09-05 01:12:51,2009-09-05 01:29:00,969,14051298,419,ABAWLCVV,14051298,,,,,,1,2
1221,COMPLETED,2009-09-05 02:25:01,2009-09-05 02:52:15,1634,44630222,748,JMXCXQLL,44630222,,,,1,,,4
1222,COMPLETED,2009-09-05 05:45:55,2009-09-05 06:20:45,2090,10330073,29,YKLXRTDY,10330073,,1,,,,,5
1223,COMPLETED,2009-09-05 05:46:30,2009-09-05 06:40:14,3224,91030045,972,KEMTUBKU,91030045,,,1,,,,1
1224,COMPLETED,2009-09-05 07:01:35,2009-09-05 07:26:57,1522,61140052,841,MYDAMFQG,61140052,2,,,,,,6
1225,COMPLETED,2009-09-05 07:09:17,2009-09-05 07:32:43,1406,10920280,80,WOUYIVQD,10920280,,,2,,,,1
1226,COMPLETED,2009-09-05 07:19:50,2009-09-05 07:57:18,2248,30440018,621,NIHKFMUN,30440018,,,,2,,,4
1227,COMPLETED,2009-09-05 08:12:33,2009-09-05 09:41:33,5340,13341066,321,GHDRSJUJ,13341066,,2,,,,,5
1228,COMPLETED,2009-09-05 08:22:51,2009-09-05 08:53:44,1853,82850133,953,KDAFRXJE,82850133,,,,,2,,3
1229,COMPLETED,2009-09-05 08:40:32,2009-09-05 08:59:33,1141,50220005,761,VBEDICEW,50220005,,,,,1,,3
1230,COMPLETED,2009-09-05 09:03:35,2009-09-05 09:27:19,1424,11920592,195,CUCXUSNH,11920592,1,,,,,,6
1231,COMPLETED,2009-09-05 09:42:12,2009-09-05 10:05:22,1390,43740174,727,QKXHNXJT,43740174,1,,,,,,6
1232,COMPLETED,2009-09-05 10:26:53,2009-09-05 11:09:20,2547,61530067,848,XFFVVOVA,61530067,,2,,,,,5
1233,COMPLETED,2009-09-05 10:27:11,2009-09-05 10:40:59,828,34630224,688,CROQLSEX,34630224,,,2,,,,1
1234,COMPLETED,2009-09-05 10:47:20,2009-09-05 10:54:20,420,21910087,562,IZQFDTSO,21910087,,,,,1,,3
1235,COMPLETED,2009-09-05 10:50:17,2009-09-05 11:30:40,2423,13811202,385,JGXGACWU,13811202,,,,,,2,2
1236,COMPLETED,2009-09-05 10:50:29,2009-09-05 11:06:49,980,13821212,387,TRTHLMMU,13821212,,,1,,,,1
1237,COMPLETED,2009-09-05 10:51:38,2009-09-05 11:27:10,2132,93850182,989,TTQMMLQU,93850182,,,,,,1,2
1238,COMPLETED,2009-09-05 11:07:11,2009-09-05 11:35:45,1714,33350158,662,IFODPCLD,33350158,,1,,,,,5
1239,COMPLETED,2009-09-05 11:16:58,2009-09-05 11:36:29,1171,30350013,620,QKOJWTLB,30350013,,,,,,2,2
1240,COMPLETED,2009-09-05 11:32:31,2009-09-05 13:13:47,6076,11910584,191,GDYKTDXG,11910584,1,,,,,,6
1241,COMPLETED,2009-09-05 12:04:39,2009-09-13 01:06:48,651729,13651156,364,DRGLKKDU,13651156,,1,,,,,5
1242,COMPLETED,2009-09-05 12:24:10,2009-09-05 12:55:28,1878,10140019,12,AVTYSNLB,10140019,,,,,,2,2
1243,COMPLETED,2009-09-05 12:25:50,2009-09-05 12:57:51,1921,14451442,459,TMIPWJJV,14451442,,,,,,2,2
1244,COMPLETED,2009-09-05 12:31:38,2009-09-05 13:07:58,2180,12910922,297,CQUEAUIU,12910922,,,,,1,,3
1245,COMPLETED,2009-09-05 13:17:31,2009-09-05 13:44:50,1639,74250210,930,QTUJEMXC,74250210,2,,,,,,6
1246,COMPLETED,2009-09-05 13:18:25,2009-09-05 14:00:19,2514,11031744,899,UWQWYJQO,11031744,,,,,2,,3
1247,COMPLETED,2009-09-05 13:39:48,2009-09-05 13:55:00,912,84850240,968,YEYGTWFL,84850240,,,,,,2,2
1248,COMPLETED,2009-09-05 14:04:14,2009-09-05 16:03:15,7141,12540801,267,YVKPFXDT,12540801,,,1,,,,1
1249,COMPLETED,2009-09-05 14:50:43,2009-09-05 15:15:29,1486,31120052,629,RGDNZGLR,31120052,,,,,,2,2
1250,COMPLETED,2009-09-05 15:14:45,2009-09-05 15:31:55,1030,13221022,310,XGFRMHQH,13221022,,,,2,,,4
1251,COMPLETED,2009-09-05 15:46:18,2009-09-05 16:11:38,1520,12640830,279,YCELIFWB,12640830,,2,,,,,5
1252,COMPLETED,2009-09-05 16:46:59,2009-09-05 18:44:13,7034,41650075,707,DGPDSBSM,41650075,,,,,,1,2
1253,COMPLETED,2009-09-05 16:50:37,2009-09-05 17:00:23,586,85020247,970,NSVVWNBK,85020247,,,1,,,,1
1254,COMPLETED,2009-09-05 17:20:35,2009-09-05 17:37:06,991,13841223,396,HPRHKOSC,13841223,,,,,,2,2
1255,COMPLETED,2009-09-05 17:42:08,2009-09-05 17:59:51,1063,14641529,494,XGQFGYGI,14641529,,,,,1,,3
1256,COMPLETED,2009-09-05 18:51:44,2009-09-06 16:58:38,79614,83940186,956,TPRQOQCH,83940186,,,,2,,,4
1257,COMPLETED,2009-09-05 19:47:45,2009-09-07 18:48:45,169260,14421419,452,BFPNYOHC,14421419,,,,,,1,2
1258,COMPLETED,2009-09-05 20:05:08,2009-09-05 20:35:31,1823,11820567,185,NWRPXETB,11820567,,,,,2,,3
1259,COMPLETED,2009-09-05 20:13:54,2009-09-05 21:22:09,4095,42220100,712,KVCOPBKG,42220100,,,,,,1,2
1260,COMPLETED,2009-09-05 20:23:38,2009-09-05 20:55:11,1893,14021282,413,ULIZIYFN,14021282,,1,,,,,5
1261,COMPLETED,2009-09-05 20:28:12,2009-09-05 20:33:32,320,83810178,955,FXYETWOR,83810178,,,,,,,2
1262,COMPLETED,2009-09-05 20:34:20,2009-09-05 21:04:51,1831,10430111,41,GWQXBICL,10430111,,1,,,,,5
1263,COMPLETED,2009-09-05 20:39:18,2009-09-05 21:16:59,2261,81550071,943,QSQQIHYB,81550071,,,1,,,,1
1264,COMPLETED,2009-09-05 21:21:25,2009-09-05 22:58:37,5832,24440211,600,LKQKFEFQ,24440211,,,1,,,,1
1265,COMPLETED,2009-09-05 21:34:15,2009-09-05 21:57:50,1415,12730862,289,EYHTVZWM,12730862,2,,,,,,6
1266,COMPLETED,2009-09-05 22:05:14,2009-09-05 22:33:42,1708,14521453,463,LJSMDFZC,14521453,,1,,,,,5
1267,COMPLETED,2009-09-05 22:43:52,2009-09-05 23:26:33,2561,33110144,658,OIIIFYVH,33110144,2,,,,,,6
1268,COMPLETED,2009-09-05 23:03:16,2009-09-05 23:29:02,1546,44830230,753,XLNFMXWU,44830230,,,,,1,,3
1269,COMPLETED,2009-09-05 23:35:55,2009-09-06 00:02:51,1616,31540070,638,WEINSUPV,31540070,,,2,,,,1
1270,COMPLETED,2009-09-06 01:33:32,2009-09-06 02:00:43,1631,64110190,877,JZZPFEYT,64110190,2,,,,,,6
1271,COMPLETED,2009-09-06 02:25:46,2009-09-27 17:01:55,1866969,62050093,857,HWTZKSNP,62050093,,,,,,1,2
1272,COMPLETED,2009-09-06 02:47:02,2009-09-06 03:29:05,2523,61810080,853,KNHMGKHV,61810080,,,,2,,,4
1273,COMPLETED,2009-09-06 02:49:30,2009-09-09 00:48:33,251943,44710225,750,LCVWGJWS,44710225,,1,,,,,5
1274,COMPLETED,2009-09-06 03:48:55,2009-09-19 12:12:29,1153414,24710226,609,RVVCSJPN,24710226,1,,,,,,6
1275,COMPLETED,2009-09-06 06:14:57,2009-09-06 06:42:11,1634,13421083,330,CLUPIMIS,13421083,,,,,,2,2
1276,COMPLETED,2009-09-06 06:24:28,2009-09-06 06:50:26,1558,10720212,64,VPOAQVLX,10720212,2,,,,,,6
1277,COMPLETED,2009-09-06 06:45:46,2009-09-06 07:19:06,2000,40620028,697,MEHTLQXN,40620028,,,,,,1,2
1278,COMPLETED,2009-09-06 08:52:56,2009-09-06 09:09:31,995,13421085,332,JEIIWHRV,13421085,,,,1,,,4
1279,COMPLETED,2009-09-06 08:54:19,2009-09-06 09:33:34,2355,42430112,715,NLSIVVFM,42430112,,1,,,,,5
1280,COMPLETED,2009-09-06 09:21:51,2009-09-06 09:44:37,1366,11840576,190,JBEODPUH,11840576,2,,,,,,6
1281,COMPLETED,2009-09-06 10:03:37,2009-09-06 10:44:28,2451,12020624,207,WOVCIDGG,12020624,1,,,,,,6
1282,COMPLETED,2009-09-06 10:30:53,2009-09-06 10:57:37,1604,22240104,569,DQEAOJYD,22240104,,,,,,1,2
1283,COMPLETED,2009-09-06 10:31:24,2009-09-06 10:51:42,1218,11620495,161,RQCNLJBG,11620495,,,2,,,,1
1284,COMPLETED,2009-09-06 11:21:38,2009-09-06 11:36:21,883,15021637,529,MFKSNDXB,15021637,,,,2,,,4
1285,COMPLETED,2009-09-06 11:25:13,2009-09-06 11:51:39,1586,13741189,379,NUPPWWEL,13741189,,,,2,,,4
1286,COMPLETED,2009-09-06 11:40:05,2009-09-06 12:06:43,1598,10710209,63,GRSKTPYQ,10710209,,,,,2,,3
1287,COMPLETED,2009-09-06 11:46:59,2009-09-06 12:08:24,1285,11530471,152,AMTGIYRD,11530471,,,,1,,,4
1288,COMPLETED,2009-09-06 12:32:23,2009-09-06 13:48:52,4589,14711541,499,YHBWSXXP,14711541,,,1,,,,1
1289,COMPLETED,2009-09-06 12:39:52,2009-09-06 13:23:34,2622,23540165,584,SFUKIWWD,23540165,,,,,,2,2
1290,COMPLETED,2009-09-06 13:14:16,2009-09-06 13:44:51,1835,13921248,404,RXPLXUUB,13921248,,1,,,,,5
1291,COMPLETED,2009-09-06 13:17:31,2009-09-26 17:31:42,1743251,14141321,428,VMCBEORA,14141321,2,,,,,,6
1292,COMPLETED,2009-09-06 13:26:26,2009-09-09 14:06:57,261631,34540219,684,JYQIUUJO,34540219,,,2,,,,1
1293,COMPLETED,2009-09-06 13:28:29,2009-09-06 13:57:21,1732,53040140,787,ZJATQSAI,53040140,,,,,,1,2
1294,COMPLETED,2009-09-06 13:34:07,2009-09-06 13:48:52,885,11110348,103,KJDVWJSQ,11110348,,2,,,,,5
1295,COMPLETED,2009-09-06 13:45:42,2009-09-09 13:00:08,256466,94440216,991,CURNLXCB,94440216,,2,,,,,5
1296,COMPLETED,2009-09-06 14:14:25,2009-09-12 12:22:05,511660,15031641,530,WTKTKPWX,15031641,,,2,,,,1
1297,COMPLETED,2009-09-06 14:23:59,2009-09-07 09:20:34,68195,13821211,388,HCCWONXL,13821211,1,,,,,,6
1298,COMPLETED,2009-09-06 14:46:56,2009-09-06 14:59:32,756,10650204,61,FQPMWSBT,10650204,,,,,2,,3
1299,COMPLETED,2009-09-06 15:23:59,2009-09-06 16:33:20,4161,11050345,101,HUYUFOLJ,11050345,,,,,2,,3
1300,COMPLETED,2009-09-06 15:49:20,2009-09-06 16:04:00,880,12010621,204,ZATDJCMF,12010621,2,,,,,,6
1301,COMPLETED,2009-09-06 17:47:11,2009-09-06 18:19:51,1960,44550218,747,EYFQNYFD,44550218,,,,,2,,3
1302,COMPLETED,2009-09-06 18:58:06,2009-09-06 19:09:32,686,11040339,98,ZLBDMNIB,11040339,,,1,,,,1
1303,COMPLETED,2009-09-06 19:40:19,2009-09-06 20:00:30,1211,11130362,112,LYQHNXGI,11130362,,,,,2,,3
1304,COMPLETED,2009-09-06 19:51:12,2009-09-06 20:11:49,1237,20520021,541,JNURUKDN,20520021,2,,,,,,6
1305,COMPLETED,2009-09-06 21:17:53,2009-09-06 21:40:34,1361,13211016,307,OOHBILFR,13211016,,,,2,,,4
1306,COMPLETED,2009-09-06 21:19:06,2009-09-06 21:47:22,1696,10140020,13,ZCARMJWY,10140020,,,,2,,,4
1307,COMPLETED,2009-09-06 21:32:15,2009-09-06 21:52:31,1216,14531463,468,NGGMOJKQ,14531463,,,,2,,,4
1308,COMPLETED,2009-09-06 21:34:01,2009-09-08 09:08:31,128070,13221025,313,XRPOKIDQ,13221025,,,,2,,,4
1309,COMPLETED,2009-09-06 22:24:26,2009-09-07 18:31:09,72403,12020622,205,NYBUJGPH,12020622,,1,,,,,5
1310,COMPLETED,2009-09-06 22:26:48,2009-09-06 23:00:33,2025,24620223,607,PTXUZPFN,24620223,2,,,,,,6
1311,COMPLETED,2009-09-06 22:27:15,2009-09-06 22:45:37,1102,22130098,566,XTJURIDX,22130098,,,,2,,,4
1312,COMPLETED,2009-09-06 23:17:21,2009-09-07 00:02:10,2689,64120191,878,LLWZPLXT,64120191,2,,,,,,6
1313,COMPLETED,2009-09-06 23:20:21,2009-09-06 23:46:36,1575,32520116,653,BSCXLCQJ,32520116,,,1,,,,1
1314,COMPLETED,2009-09-06 23:35:55,2009-09-06 23:50:27,872,84220208,961,CWRLPPJM,84220208,,,,,,2,2
1315,COMPLETED,2009-09-06 23:49:56,2009-09-07 00:17:38,1662,10750230,71,YTRGSUGM,10750230,,1,,,,,5
1316,COMPLETED,2009-09-07 00:34:05,2009-09-21 22:54:28,1290023,11520462,148,SRMWSROS,11520462,,,,,1,,3
1317,COMPLETED,2009-09-07 07:46:12,2009-09-07 08:04:13,1081,12820889,293,XULVDXCO,12820889,2,,,,,,6
1318,COMPLETED,2009-09-07 08:49:58,2009-09-07 09:29:51,2393,34610220,685,QXEFJHKI,34610220,,,,,2,,3
1319,COMPLETED,2009-09-07 09:01:25,2009-09-07 09:24:55,1410,42240102,713,JSCXQHAN,42240102,,,1,,,,1
1320,COMPLETED,2009-09-07 09:49:32,2009-09-07 10:14:16,1484,52240102,782,WDBFEABI,52240102,,,,,2,,3
1321,COMPLETED,2009-09-07 10:07:39,2009-09-07 11:07:08,3569,12010620,203,DXRMIQNB,12010620,,,,,,2,2
1322,COMPLETED,2009-09-07 10:19:31,2009-09-07 10:48:08,1717,50240007,762,ZMFTFNPO,50240007,,1,,,,,5
1323,COMPLETED,2009-09-07 10:27:23,2009-09-07 10:42:58,935,62130096,858,WGVRCBEN,62130096,,,1,,,,1
1324,COMPLETED,2009-09-07 10:38:36,2009-09-07 10:53:38,902,40650030,698,FXGTSUWI,40650030,,,,,,2,2
1325,COMPLETED,2009-09-07 10:43:51,2009-09-07 10:54:15,624,63820176,872,UQWLGMMP,63820176,,,,,2,,3
1326,COMPLETED,2009-09-07 10:50:00,2009-09-07 11:13:27,1407,31250059,632,XKEYVUXT,31250059,,,1,,,,1
1327,COMPLETED,2009-09-07 10:56:30,2009-09-07 11:38:44,2534,11130361,111,HGHUYLCY,11130361,,,,,,2,2
1328,COMPLETED,2009-09-07 10:58:52,2009-09-07 11:09:35,643,31320061,633,HOMMQXGI,31320061,,,,,,2,2
1329,COMPLETED,2009-09-07 11:13:26,2009-09-07 11:22:15,529,53840178,802,DWHSKHOI,53840178,,,,2,,,4
1330,COMPLETED,2009-09-07 11:20:05,2009-09-07 11:36:13,968,14541482,476,AMSBZBTH,14541482,,,,2,,,4
1331,COMPLETED,2009-09-07 11:26:10,2009-09-07 11:57:48,1898,64430208,880,HJUPRRNN,64430208,,,,,,2,2
1332,COMPLETED,2009-09-07 11:37:05,2009-09-07 12:04:14,1629,22650124,572,CCXZQQIZ,22650124,,,1,,,,1
1333,COMPLETED,2009-09-07 11:53:21,2009-09-08 19:41:51,114510,74710232,932,UOZOCGRM,74710232,,,1,,,,1
1334,COMPLETED,2009-09-07 11:55:56,2009-09-07 12:35:00,2344,51730078,775,CYVFNVIX,51730078,,,,2,,,4
1335,COMPLETED,2009-09-07 12:19:13,2009-09-07 12:34:08,895,11140366,116,VJYKROJP,11140366,,,1,,,,1
1336,COMPLETED,2009-09-07 12:52:23,2009-09-07 13:53:00,3637,13211015,306,OZXRDBFR,13211015,,2,,,,,5
1337,COMPLETED,2009-09-07 14:45:05,2009-09-07 15:54:42,4177,44440210,739,JPVPOEVN,44440210,,,,2,,,4
1338,COMPLETED,2009-09-07 15:10:13,2009-09-07 15:31:59,1306,12450775,258,QWDQRWSI,12450775,,,,,2,,3
1339,COMPLETED,2009-09-07 15:20:47,2009-09-09 16:01:19,175232,81430065,942,MHYGDSUL,81430065,2,,,,,,6
1340,COMPLETED,2009-09-07 15:21:18,2009-09-07 16:33:39,4341,64040188,875,MSDJUWOD,64040188,,1,,,,,5
1341,COMPLETED,2009-09-07 15:50:54,2009-09-07 16:16:49,1555,80610027,937,DIBVBJJN,80610027,,,,2,,,4
1342,COMPLETED,2009-09-07 16:12:12,2009-09-10 10:04:47,237155,12130666,216,QTMUIBPA,12130666,,,,,,2,2
1343,COMPLETED,2009-09-07 16:58:30,2009-09-07 17:07:11,521,91130052,973,KCHIOPDY,91130052,,,,,2,,3
1344,COMPLETED,2009-09-07 17:13:09,2009-09-07 17:25:50,761,31810082,642,IUDBGYPC,31810082,,2,,,,,5
1345,COMPLETED,2009-09-07 17:35:03,2009-09-07 18:17:18,2535,13831218,393,WXHWWIIK,13831218,,1,,,,,5
1346,COMPLETED,2009-09-07 17:39:02,2009-09-07 17:59:15,1213,14321713,896,QNKKDKXP,14321713,,,,,1,,3
1347,COMPLETED,2009-09-07 17:40:59,2009-09-07 18:27:01,2762,10520137,47,DYSXEIHT,10520137,,,,2,,,4
1348,COMPLETED,2009-09-07 17:50:13,2009-09-07 18:03:11,778,51210055,768,TDQXJNVV,51210055,,,,,1,,3
1349,COMPLETED,2009-09-07 18:43:14,2009-09-07 19:13:14,1800,10220033,18,KXCSJEHM,10220033,,,,,,2,2
1350,COMPLETED,2009-09-07 19:04:24,2009-09-07 19:20:43,979,11540474,154,QKTUATBO,11540474,,,,,,2,2
1351,COMPLETED,2009-09-07 19:11:58,2009-09-07 19:26:12,854,13841226,397,YECCMNBL,13841226,,,,,,1,2
1352,COMPLETED,2009-09-07 19:20:35,2009-09-07 19:54:37,2042,61430063,847,YTVBNCFK,61430063,,,2,,,,1
1353,COMPLETED,2009-09-07 19:23:07,2009-09-07 19:45:12,1325,14521457,465,PMBMHLTD,14521457,,,,,,2,2
1354,COMPLETED,2009-09-07 20:01:40,2009-09-07 20:19:26,1066,12710848,284,WKYWGQOL,12710848,2,,,,,,6
1,DROPOUT,2009-09-07 20:26:25,,,*SURVEY EDITOR TESTRUN*,,,,,,,,,,
1,DROPOUT,2009-09-07 20:27:13,,,*SURVEY EDITOR TESTRUN*,,,,,,,,,,
1355,COMPLETED,2009-09-07 21:24:17,2009-09-07 22:09:55,2738,61210054,843,ISXFKBAX,61210054,,,,,,1,2
1356,COMPLETED,2009-09-07 21:25:14,2009-09-07 21:49:25,1451,24030190,591,UMPKOCUB,24030190,,,,,2,,3
1357,COMPLETED,2009-09-07 22:11:53,2009-09-07 23:28:24,4591,62010089,855,ZMVRMFLU,62010089,2,,,,,,6
1358,COMPLETED,2009-09-07 22:21:24,2009-09-07 22:40:28,1144,82240103,947,VBVRXMSO,82240103,,,,2,,,4
1359,COMPLETED,2009-09-07 22:29:18,2009-09-07 22:51:53,1355,10310065,28,MZGLUJPI,10310065,,,1,,,,1
1360,COMPLETED,2009-09-07 22:34:31,2009-09-07 22:56:57,1346,14531466,471,EUCBUMAR,14531466,2,,,,,,6
1361,COMPLETED,2009-09-07 22:53:19,2009-09-07 23:21:46,1707,84740235,967,XGQLUBXR,84740235,,,,,1,,3
1362,COMPLETED,2009-09-07 23:13:04,2009-09-12 23:22:23,432559,54430209,811,DPIVKFHB,54430209,,,,2,,,4
1363,COMPLETED,2009-09-07 23:26:19,2009-09-07 23:57:21,1862,54750227,821,HSFOKPDE,54750227,,,,,,2,2
1364,COMPLETED,2009-09-08 00:05:03,2009-09-08 01:06:03,3660,14211348,439,MINJKNUH,14211348,,,,1,,,4
1365,COMPLETED,2009-09-08 04:00:37,2009-09-08 04:32:58,1941,11610490,159,LFHUHYOU,11610490,,,1,,,,1
1366,COMPLETED,2009-09-08 06:56:16,2009-09-08 07:27:03,1847,10150024,15,LBNOPLAC,10150024,2,,,,,,6
1367,COMPLETED,2009-09-08 07:17:22,2009-09-08 07:39:05,1303,13931252,406,LBTFAUKZ,13931252,,,,1,,,4
1368,COMPLETED,2009-09-08 07:43:59,2009-09-08 07:51:54,475,71310060,912,ZEUFADUW,71310060,,,,,1,,3
1369,COMPLETED,2009-09-08 07:46:30,2009-09-09 06:42:26,82556,40420015,694,QXZSHXFH,40420015,,,1,,,,1
1370,COMPLETED,2009-09-08 07:52:22,2009-09-08 08:11:16,1134,45050242,758,LNDUSACT,45050242,1,,,,,,6
1371,COMPLETED,2009-09-08 08:49:26,2009-09-08 09:45:39,3373,14021280,412,XHYPCKNV,14021280,,,,,,2,2
1372,COMPLETED,2009-09-08 09:04:23,2009-09-08 09:20:09,946,51430064,771,BEAZNNAW,51430064,,,1,,,,1
1373,COMPLETED,2009-09-08 09:25:10,2009-09-08 09:48:19,1389,11510459,147,SBLVFPWG,11510459,,,,2,,,4
1374,COMPLETED,2009-09-08 09:27:14,2009-09-08 09:50:44,1410,13321056,320,WKJXIEIG,13321056,,,,1,,,4
1375,COMPLETED,2009-09-08 09:35:34,2009-09-09 11:15:54,92420,30720032,626,MDMDTUMG,30720032,,2,,,,,5
1376,COMPLETED,2009-09-08 09:50:45,2009-09-12 17:26:38,372953,12450774,257,PEEWFQLF,12450774,,1,,,,,5
1377,COMPLETED,2009-09-08 10:17:10,2009-09-08 11:21:03,3833,31350063,634,ZWQNYDCP,31350063,,1,,,,,5
1378,COMPLETED,2009-09-08 10:25:24,2009-09-08 11:42:16,4612,13551133,348,ORCSAYLS,13551133,,1,,,,,5
1379,COMPLETED,2009-09-08 10:51:12,2009-09-08 11:16:51,1539,11440451,144,TPDVNBMN,11440451,,2,,,,,5
1380,COMPLETED,2009-09-08 11:35:56,2009-09-09 12:44:11,90495,12420756,250,SWJDLBYW,12420756,,,,,,2,2
1381,COMPLETED,2009-09-08 12:02:38,2009-09-08 12:36:15,2017,63630166,870,WVOOKROH,63630166,,1,,,,,5
1382,COMPLETED,2009-09-08 12:07:40,2009-09-08 12:34:20,1600,11550482,157,SMHRNRFV,11550482,,,,2,,,4
1383,COMPLETED,2009-09-08 12:15:33,2009-09-08 12:46:01,1828,11550481,156,XFAPQESD,11550481,1,,,,,,6
1384,COMPLETED,2009-09-08 13:19:42,2009-09-08 13:36:15,993,23320155,581,XSOTNQHO,23320155,,1,,,,,5
1385,COMPLETED,2009-09-08 13:23:51,2009-09-12 17:56:39,361968,83650168,954,BEEOJMAD,83650168,,,2,,,,1
1386,COMPLETED,2009-09-08 13:32:04,2009-09-08 20:34:46,25362,13741193,380,CKEOGKXG,13741193,,,,,,1,2
1387,COMPLETED,2009-09-08 13:41:05,2009-09-24 17:58:44,1397859,13621143,357,UXRPIWKW,13621143,,,,,2,,3
1388,COMPLETED,2009-09-08 13:51:01,2009-09-08 14:07:14,973,12240700,232,DKWRZYBE,12240700,,,,,1,,3
1389,COMPLETED,2009-09-08 14:09:40,2009-09-08 14:25:58,978,54050189,805,MVHIABPQ,54050189,,,1,,,,1
1390,COMPLETED,2009-09-08 14:16:31,2009-09-18 10:27:55,850284,42210099,711,WYXXGDWI,42210099,2,,,,,,6
1391,COMPLETED,2009-09-08 14:53:41,2009-09-08 15:10:38,1017,10241694,893,SJTBCYZP,10241694,,,,,2,,3
1392,COMPLETED,2009-09-08 15:00:48,2009-09-08 15:29:55,1747,14141323,430,OBNYFRQW,14141323,,,,,,1,2
1393,COMPLETED,2009-09-08 15:01:22,2009-09-08 15:09:54,512,13821213,390,CEOYZTKX,13821213,,2,,,,,5
1394,COMPLETED,2009-09-08 15:01:34,2009-09-08 16:16:24,4490,24810230,611,EDFQIBRN,24810230,,1,,,,,5
1395,COMPLETED,2009-09-08 15:06:12,2009-09-08 15:17:58,706,12540804,269,NBBUOULF,12540804,,,,,,2,2
1396,COMPLETED,2009-09-08 15:07:13,2009-09-08 15:19:44,751,54440210,812,TAFMYTBR,54440210,,1,,,,,5
1397,COMPLETED,2009-09-08 15:14:37,2009-09-08 15:30:44,967,12530796,265,WXZUJYSM,12530796,,1,,,,,5
1398,COMPLETED,2009-09-08 15:17:42,2009-09-08 15:52:20,2078,71430065,913,SNHGZUHX,71430065,,,1,,,,1
1399,COMPLETED,2009-09-08 15:20:16,2009-09-18 13:33:27,857591,54630221,816,NFVYBVOU,54630221,,,,,,1,2
1400,COMPLETED,2009-09-08 15:30:06,2009-09-08 19:20:09,13803,13611136,350,DUYYOFHR,13611136,,,,2,,,4
1401,COMPLETED,2009-09-08 15:45:18,2009-09-08 19:50:53,14735,11650517,168,UIPZBQQT,11650517,,,,,1,,3
1402,COMPLETED,2009-09-08 16:07:31,2009-09-09 16:24:10,87399,70810036,906,XWROVWJH,70810036,,,,2,,,4
1403,COMPLETED,2009-09-08 16:08:20,2009-09-08 16:39:26,1866,12630822,536,JUCABMPR,12630822,,,,,2,,3
1404,COMPLETED,2009-09-08 16:12:21,2009-09-11 16:26:18,260037,94750236,994,QUVGOXRX,94750236,,,,,,,5
1405,COMPLETED,2009-09-08 16:24:09,2009-09-08 16:50:21,1572,14921611,523,XNLJYZVJ,14921611,,,,,,1,2
1406,COMPLETED,2009-09-08 16:39:37,2009-09-08 16:47:30,473,34620222,686,SQTBYZPW,34620222,,,,,,1,2
1407,COMPLETED,2009-09-08 16:51:34,2009-09-08 17:22:04,1830,12450779,261,QXNTPZHH,12450779,,,,,2,,3
1408,COMPLETED,2009-09-08 16:55:10,2009-09-08 17:37:13,2523,13831220,394,FBGHXMUN,13831220,,2,,,,,5
1409,COMPLETED,2009-09-08 16:57:50,2009-09-08 17:11:35,825,31440066,636,XOPPCMVJ,31440066,,,1,,,,1
1410,COMPLETED,2009-09-08 17:01:39,2009-09-08 17:43:56,2537,60130002,829,JTVGGUNY,60130002,2,,,,,,6
1411,COMPLETED,2009-09-08 17:08:38,2009-09-08 17:28:31,1193,32750127,656,CVPDWHIV,32750127,,,,1,,,4
1412,COMPLETED,2009-09-08 17:18:39,2009-09-08 18:05:19,2800,14611497,481,MYSMILTY,14611497,,1,,,,,5
1413,COMPLETED,2009-09-08 17:45:08,2009-09-08 18:07:00,1312,12450778,260,JOQOXJYF,12450778,,,1,,,,1
1414,COMPLETED,2009-09-08 17:47:09,2009-09-08 18:00:32,803,63840178,873,PVNKIWER,63840178,,,1,,,,1
1415,COMPLETED,2009-09-08 18:00:42,2009-09-08 18:47:07,2785,12410750,246,PYBPABGZ,12410750,,,,1,,,4
1416,COMPLETED,2009-09-08 18:06:32,2009-09-08 19:00:12,3220,10350089,37,NJKEYDDX,10350089,2,,,,,,6
1417,COMPLETED,2009-09-08 18:14:35,2009-09-08 18:54:47,2412,10720216,66,DQFHLDQV,10720216,,,1,,,,1
1418,COMPLETED,2009-09-08 18:16:38,2009-09-08 18:38:28,1310,12740869,290,KPASYLPM,12740869,,,2,,,,1
1419,COMPLETED,2009-09-08 18:26:51,2009-09-08 18:42:51,960,82230102,946,NCTEDVZT,82230102,,1,,,,,5
1420,COMPLETED,2009-09-08 18:27:56,2009-09-08 18:50:25,1349,11810554,179,NZLDSVTO,11810554,,,2,,,,1
1421,COMPLETED,2009-09-08 19:36:00,2009-09-08 22:48:43,11563,14651535,497,AEZGREAH,14651535,1,,,,,,6
1422,COMPLETED,2009-09-08 19:36:28,2009-09-08 19:55:03,1115,11110346,102,HHWCFGBK,11110346,,,,,2,,3
1423,COMPLETED,2009-09-08 19:41:44,2009-09-08 20:03:06,1282,82840132,952,JTEJPHMF,82840132,,1,,,,,5
1424,COMPLETED,2009-09-08 19:52:34,2009-09-08 20:18:20,1546,32230102,649,LWCLMEQC,32230102,1,,,,,,6
1425,COMPLETED,2009-09-08 19:55:46,2009-09-08 20:10:39,893,10930285,84,MXVOKYGS,10930285,,,,,,,5
1426,COMPLETED,2009-09-08 19:56:29,2009-09-08 20:27:24,1855,12330731,242,QSRMQSQY,12330731,,,,,1,,3
1427,COMPLETED,2009-09-08 19:58:51,2009-09-08 20:14:41,950,63810175,871,QPEUIHXP,63810175,,,2,,,,1
1428,COMPLETED,2009-09-08 20:07:52,2009-09-08 20:27:56,1204,34040189,675,FEDKEQVW,34040189,,,,2,,,4
1429,COMPLETED,2009-09-08 20:16:06,2009-09-08 20:39:57,1431,11030317,93,LDSRBDSI,11030317,,1,,,,,5
1430,COMPLETED,2009-09-08 20:22:53,2009-09-08 21:18:38,3345,51830083,778,EIRHXIBV,51830083,2,,,,,,6
1431,COMPLETED,2009-09-08 20:49:45,2009-09-08 21:14:28,1483,10310062,26,VEQMSTEU,10310062,,,,,1,,3
1432,COMPLETED,2009-09-08 21:16:17,2009-09-08 22:00:04,2627,52130096,780,EARHDQRJ,52130096,,,,,1,,3
1433,COMPLETED,2009-09-08 21:25:37,2009-09-13 11:50:33,397496,21020047,547,HPJEWOQR,21020047,,1,,,,,5
1434,COMPLETED,2009-09-08 21:36:33,2009-09-08 21:49:59,806,14221351,440,QTSWOMSH,14221351,,,2,,,,1
1435,COMPLETED,2009-09-08 21:41:20,2009-09-08 22:03:57,1357,13751194,381,EWJILTXU,13751194,,,,2,,,4
1436,COMPLETED,2009-09-08 21:56:23,2009-09-08 22:38:59,2556,10570170,53,XNWRZLFP,10570170,,2,,,,,5
1437,COMPLETED,2009-09-08 22:14:17,2009-09-08 22:23:31,554,43920182,728,WYKDCQJQ,43920182,,1,,,,,5
1438,COMPLETED,2009-09-08 22:18:18,2009-09-08 22:34:50,992,13441095,336,CNHOOMMT,13441095,,,1,,,,1
1439,COMPLETED,2009-09-08 22:32:46,2009-09-09 00:59:33,8807,34310201,679,JTPMDAEH,34310201,,,,,2,,3
1440,COMPLETED,2009-09-08 23:03:40,2009-09-08 23:24:09,1229,14651532,495,CTOQGQBU,14651532,1,,,,,,6
1441,COMPLETED,2009-09-08 23:06:58,2009-09-08 23:28:10,1272,14431430,455,EIRWSIKL,14431430,,,,,,1,2
1442,COMPLETED,2009-09-08 23:17:03,2009-09-08 23:55:05,2282,14721543,500,JXVNJXIU,14721543,,1,,,,,5
1443,DROPOUT,2009-09-08 23:22:46,,,24530216,602,XNNYDHUV,24530216,,,,,,,
1444,COMPLETED,2009-09-09 00:30:16,2009-09-09 00:44:40,864,12540806,271,RRREMRCY,12540806,,,,,,2,2
1445,COMPLETED,2009-09-09 01:16:05,2009-09-09 01:33:16,1031,84640230,965,VJVLXTHE,84640230,,,1,,,,1
1446,COMPLETED,2009-09-09 02:12:31,2009-09-09 02:31:50,1159,14911596,515,QHIUAXKT,14911596,,,,,1,,3
1447,COMPLETED,2009-09-09 02:50:06,2009-09-09 03:23:51,2025,12230691,228,BVHEMITR,12230691,,1,,,,,5
1448,COMPLETED,2009-09-09 03:04:08,2009-09-09 03:37:23,1995,63040140,865,WKPRMGGM,63040140,,,,,,2,2
1449,COMPLETED,2009-09-09 06:30:10,2009-09-09 06:51:29,1279,21530070,558,CFORXLES,21530070,,,,,,2,2
1450,COMPLETED,2009-09-09 07:25:45,2009-09-09 07:49:57,1452,33940184,672,ULIUQGKI,33940184,,,,1,,,4
1451,COMPLETED,2009-09-09 08:11:38,2009-09-09 08:36:44,1506,11910587,193,QXKIGUXV,11910587,,,,,2,,3
1452,COMPLETED,2009-09-09 09:25:32,2009-09-12 07:47:20,253308,14211345,437,THKYXAAS,14211345,,,2,,,,1
1453,COMPLETED,2009-09-09 10:35:13,2009-09-22 10:51:35,1124182,44850233,754,ZHFLCIWY,44850233,1,,,,,,6
1454,COMPLETED,2009-09-09 11:21:13,2009-09-09 11:40:41,1168,61710076,851,ZEDQOGVA,61710076,2,,,,,,6
1455,COMPLETED,2009-09-09 11:37:30,2009-09-09 11:55:04,1054,92610118,979,JCQHTOLG,92610118,,,,2,,,4
1456,COMPLETED,2009-09-09 12:04:41,2009-09-21 14:47:06,1046545,31750081,641,CGJTAQHU,31750081,,,,,1,,3
1457,COMPLETED,2009-09-09 12:08:01,2009-09-09 12:19:44,703,15051652,533,BGTHPEYN,15051652,,,,,2,,3
1458,COMPLETED,2009-09-09 12:26:26,2009-09-09 13:08:42,2536,10920283,82,BUWMLUTI,10920283,,,1,,,,1
1459,COMPLETED,2009-09-09 12:39:36,2009-09-09 12:50:26,650,11120357,107,EIXKXVJW,11120357,,,2,,,,1
1460,COMPLETED,2009-09-09 12:59:32,2009-09-09 13:38:27,2335,12550807,272,UFXEAFAV,12550807,1,,,,,,6
1461,COMPLETED,2009-09-09 13:29:33,2009-09-09 13:49:04,1171,24610222,606,XBSSPOEE,24610222,,,,,2,,3
1462,COMPLETED,2009-09-09 13:33:02,2009-09-09 13:40:39,457,62450112,862,YHUGJTSI,62450112,,,,1,,,4
1463,COMPLETED,2009-09-09 13:58:20,2009-09-09 14:16:47,1107,12230692,229,IJOYCFDE,12230692,,,,,1,,3
1464,COMPLETED,2009-09-09 14:16:43,2009-09-09 14:33:52,1029,21420065,555,CBXRKRLQ,21420065,,,,1,,,4
1465,COMPLETED,2009-09-09 14:27:55,2009-09-09 15:18:21,3026,14621514,487,KEJOSNEW,14621514,,,,,1,,3
1466,COMPLETED,2009-09-09 14:54:45,2009-09-09 15:59:44,3899,11040336,96,YSJSQQHT,11040336,,,1,,,,1
1467,COMPLETED,2009-09-09 15:03:02,2009-09-09 15:23:46,1244,10240050,23,VMSQEEXF,10240050,,1,,,,,5
1468,COMPLETED,2009-09-09 15:05:30,2009-09-15 15:49:07,521017,13531119,345,RPFUIRSA,13531119,,,,2,,,4
1469,COMPLETED,2009-09-09 15:17:11,2009-09-30 15:28:15,1815064,70650031,905,WPHEDOUU,70650031,2,,,,,,6
1470,COMPLETED,2009-09-09 15:49:02,2009-09-09 16:59:16,4214,43610166,724,VKOFPSVH,43610166,,,,,2,,3
1471,COMPLETED,2009-09-09 16:17:44,2009-09-09 17:25:59,4095,64350205,879,DTYNJDUR,64350205,,1,,,,,5
1472,COMPLETED,2009-09-09 16:41:39,2009-09-09 16:59:39,1080,13431090,335,NPTRFIVB,13431090,,2,,,,,5
1473,COMPLETED,2009-09-09 17:11:17,2009-09-09 17:24:40,803,64910232,885,YJVIIFTE,64910232,,,,,,1,2
1474,COMPLETED,2009-09-09 17:24:01,2009-09-09 17:38:17,856,14041682,890,QGOUXACS,14041682,2,,,,,,6
1475,COMPLETED,2009-09-09 17:24:36,2009-09-09 17:54:56,1820,24020189,590,GFXSHXGL,24020189,1,,,,,,6
1476,COMPLETED,2009-09-09 18:02:24,2009-09-09 18:08:40,376,51350062,770,VVVGVWBR,51350062,,,,,2,,3
1477,COMPLETED,2009-09-09 18:08:01,2009-09-09 19:26:09,4688,44020187,730,BROBEXBV,44020187,,,2,,,,1
1478,COMPLETED,2009-09-09 18:26:24,2009-09-09 18:44:57,1113,52220100,781,DIZWLMYJ,52220100,,,1,,,,1
1479,COMPLETED,2009-09-09 19:23:11,2009-09-09 19:40:33,1042,12150676,217,KXWDFYEV,12150676,1,,,,,,6
1480,COMPLETED,2009-09-09 20:51:54,2009-09-09 21:03:57,723,44410206,737,HQJZWKVY,44410206,,,,,1,,3
1481,COMPLETED,2009-09-09 21:31:07,2009-09-09 21:52:54,1307,54140193,807,AOKCFKCH,54140193,,,,,,2,2
1482,COMPLETED,2009-09-09 22:01:25,2009-09-09 22:21:09,1184,62640120,863,QEHDVDPN,62640120,,,1,,,,1
1483,COMPLETED,2009-09-09 22:40:34,2009-09-09 23:11:07,1833,12130662,215,MLZHBLKT,12130662,,,,,2,,3
1484,COMPLETED,2009-09-09 22:50:20,2009-09-09 23:01:16,656,54250200,809,PUGOZGHN,54250200,,2,,,,,5
1485,COMPLETED,2009-09-09 22:57:29,2009-09-09 23:18:00,1231,22210102,567,LQNBETBD,22210102,2,,,,,,6
1486,COMPLETED,2009-09-09 23:03:06,2009-09-09 23:13:32,626,14911602,518,HIFLBVHX,14911602,,,,,2,,3
1487,COMPLETED,2009-09-09 23:11:29,2009-09-09 23:49:04,2255,84430216,963,KUWNMKXN,84430216,2,,,,,,6
1488,COMPLETED,2009-09-09 23:58:35,2009-09-10 00:26:12,1657,12210682,220,OUEOZLDI,12210682,1,,,,,,6
1489,COMPLETED,2009-09-10 00:57:32,2009-09-10 01:16:06,1114,13721171,371,GIMBFMVD,13721171,,2,,,,,5
1490,COMPLETED,2009-09-10 06:42:22,2009-09-10 08:39:27,7025,21250060,554,OOOJPESK,21250060,,,,,1,,3
1491,COMPLETED,2009-09-10 07:09:06,2009-09-10 11:12:47,14621,92230102,977,JBLUHSVJ,92230102,,,,,2,,3
1492,COMPLETED,2009-09-10 07:41:06,2009-09-10 07:56:14,908,13211018,308,TDNUMYCG,13211018,2,,,,,,6
1493,COMPLETED,2009-09-10 08:12:16,2009-09-10 08:59:56,2860,93740175,987,CHPFFCOQ,93740175,,,,,1,,3
1494,COMPLETED,2009-09-10 08:48:33,2009-09-10 09:07:06,1113,10420101,40,DDUCICEY,10420101,,,,,,1,2
1495,COMPLETED,2009-09-10 08:49:55,2009-10-01 18:36:40,1849605,44110190,731,JVOGUPTN,44110190,,,,,1,,3
1496,COMPLETED,2009-09-10 11:23:07,2009-09-10 12:21:27,3500,82650123,951,XROVBLDO,82650123,,1,,,,,5
1497,COMPLETED,2009-09-10 11:38:31,2009-09-10 11:57:13,1122,33550166,666,LMLBQPNH,33550166,,,,,,1,2
1498,COMPLETED,2009-09-10 11:42:24,2009-09-12 10:16:33,167649,13751198,383,UXYLTJPG,13751198,,,,,2,,3
1499,COMPLETED,2009-09-10 12:16:27,2009-09-10 12:36:24,1197,12840904,296,CODUJVHT,12840904,2,,,,,,6
1500,COMPLETED,2009-09-10 12:27:29,2009-09-10 13:10:01,2552,51540069,773,PLYJOHYR,51540069,,1,,,,,5
1501,COMPLETED,2009-09-10 12:29:37,2009-09-10 12:56:19,1602,93520161,984,PFDUUBDH,93520161,,,1,,,,1
1502,COMPLETED,2009-09-10 12:44:06,2009-09-10 13:24:32,2426,11630496,162,IUVRFXPJ,11630496,,,,,1,,3
1503,COMPLETED,2009-09-10 13:53:39,2009-09-10 14:22:05,1706,12820890,294,SJMYMHGB,12820890,,2,,,,,5
1504,COMPLETED,2009-09-10 14:28:45,2009-09-10 14:59:35,1850,12040638,210,IKCZCTSM,12040638,,,,2,,,4
1505,COMPLETED,2009-09-10 15:30:51,2009-09-10 15:36:03,312,12310718,238,SEWNULHL,12310718,,,,2,,,4
1506,COMPLETED,2009-09-10 16:25:54,2009-09-10 17:06:58,2464,12210684,222,HEPGBCDQ,12210684,,,,,2,,3
1507,COMPLETED,2009-09-10 16:39:34,2009-09-10 17:01:48,1334,51150054,767,PBQMNRHS,51150054,,,,,2,,3
1508,COMPLETED,2009-09-10 16:44:05,2009-09-10 17:08:48,1483,54550217,814,HWNREZSC,54550217,,,,1,,,4
1509,COMPLETED,2009-09-10 17:09:21,2009-09-10 17:40:28,1867,10440117,42,RKELSQAV,10440117,1,,,,,,6
1510,COMPLETED,2009-09-10 17:47:06,2009-09-10 18:11:42,1476,14041289,414,UFRWODHX,14041289,,,,,,2,2
1511,COMPLETED,2009-09-10 18:55:29,2009-09-10 19:37:14,2505,84930244,969,EFNTUYHQ,84930244,,,,,,2,2
1512,COMPLETED,2009-09-10 19:06:37,2009-09-10 19:25:21,1124,13111736,897,TUCOGBPR,13111736,,1,,,,,5
1513,COMPLETED,2009-09-10 19:08:52,2009-09-12 13:31:52,152580,11210377,122,NXMIDNKP,11210377,,,1,,,,1
1514,COMPLETED,2009-09-10 19:17:25,2009-09-10 19:54:05,2200,14041291,415,PFYMZZEI,14041291,2,,,,,,6
1515,COMPLETED,2009-09-10 19:21:43,2009-09-10 19:41:24,1181,14741557,507,VQQJWJSD,14741557,,,,,2,,3
1516,COMPLETED,2009-09-10 19:40:19,2009-09-10 21:22:37,6138,12330728,241,UDWYUETL,12330728,,,,2,,,4
1517,COMPLETED,2009-09-10 19:42:11,2009-09-10 19:58:54,1003,12720857,287,NPWWOMZF,12720857,,,,,,2,2
1518,COMPLETED,2009-09-10 20:22:38,2009-09-22 20:28:05,1037127,12430767,254,YQUDXTWL,12430767,,,2,,,,1
1519,COMPLETED,2009-09-10 20:29:30,2009-09-10 20:55:20,1550,14221353,441,PTMCXHGU,14221353,,,1,,,,1
1520,COMPLETED,2009-09-10 20:42:31,2009-09-10 21:12:00,1769,72730126,920,BWOSFLPH,72730126,,,,,,1,2
1521,COMPLETED,2009-09-10 21:00:14,2009-09-10 21:12:01,707,11660520,169,ILMWKJWD,11660520,,,,,2,,3
1522,COMPLETED,2009-09-10 21:21:52,2009-09-10 21:36:26,874,10910269,79,BHEHBTTQ,10910269,,,,,,2,2
1523,COMPLETED,2009-09-10 21:22:34,2009-09-10 21:51:58,1764,42030092,710,OFNHTWMS,42030092,,,,2,,,4
1524,COMPLETED,2009-09-10 21:40:14,2009-09-10 21:51:00,646,13110979,300,OXSPVHFW,13110979,1,,,,,,6
1525,COMPLETED,2009-09-10 21:56:38,2009-09-10 22:01:07,269,12020626,208,RFXHGHGQ,12020626,,,,,,2,2
1526,COMPLETED,2009-09-10 22:28:53,2009-09-11 00:05:21,5788,23210150,580,RJFGEVPT,23210150,,,,2,,,4
1527,COMPLETED,2009-09-10 23:10:00,2009-09-10 23:22:56,776,44510212,741,GMOSXPDN,44510212,,,,2,,,4
1528,COMPLETED,2009-09-11 00:40:19,2009-09-11 01:00:44,1225,44730227,751,TIIDCXLE,44730227,,,1,,,,1
1529,COMPLETED,2009-09-11 03:40:26,2009-09-30 01:56:00,1635334,12950949,298,YUXJEXGJ,12950949,,,,,,1,2
1530,COMPLETED,2009-09-11 05:11:31,2009-09-11 05:42:03,1832,12750871,291,SBJQTQWS,12750871,,,1,,,,1
1531,COMPLETED,2009-09-11 05:47:01,2009-09-11 06:25:05,2284,10120007,9,SSNYCAQN,10120007,,,,,,2,2
1532,COMPLETED,2009-09-11 06:38:56,2009-09-26 08:00:07,1300871,51520068,772,WGXSIOEW,51520068,,,,,,2,2
1533,COMPLETED,2009-09-11 07:48:34,2009-09-12 22:07:33,137939,13641153,362,AJLUOLXC,13641153,,,1,,,,1
1534,COMPLETED,2009-09-11 08:10:17,2009-09-11 08:25:37,920,51810082,777,RYPKXRDT,51810082,,,,2,,,4
1535,COMPLETED,2009-09-11 10:23:55,2009-09-11 11:09:58,2763,31030048,628,KTIDDSUX,31030048,1,,,,,,6
1536,COMPLETED,2009-09-11 10:40:56,2009-09-11 10:59:42,1126,12710847,283,MRJUDTCK,12710847,,1,,,,,5
1537,COMPLETED,2009-09-11 11:36:22,2009-09-11 12:08:06,1904,13120985,303,ITYTRKYT,13120985,,,1,,,,1
1538,COMPLETED,2009-09-11 12:07:09,2009-09-11 12:31:45,1476,74830238,934,BKHHYVCT,74830238,,,,,1,,3
1539,COMPLETED,2009-09-11 12:09:10,2009-09-21 11:59:52,863442,10240052,24,FHSKTROT,10240052,,1,,,,,5
1540,COMPLETED,2009-09-11 12:27:57,2009-09-11 12:53:17,1520,52120095,779,KBQJSYJT,52120095,,1,,,,,5
1541,COMPLETED,2009-09-11 13:48:47,2009-09-11 14:11:03,1336,11430442,143,VWULOJWZ,11430442,,,,,1,,3
1542,COMPLETED,2009-09-11 13:59:02,2009-09-11 14:47:10,2888,92020091,976,KTJQMNVM,92020091,,,,,,2,2
1543,COMPLETED,2009-09-11 14:07:28,2009-09-11 14:25:14,1066,10340081,33,OIMJJGDL,10340081,2,,,,,,6
1544,COMPLETED,2009-09-11 14:27:49,2009-09-11 14:44:34,1005,10930284,83,SDJXNWPK,10930284,,,,,,,2
1545,COMPLETED,2009-09-11 15:38:14,2009-09-11 15:43:22,308,11630499,164,XMIKPPML,11630499,,,,,,1,2
1546,COMPLETED,2009-09-11 15:43:36,2009-09-11 16:00:50,1034,13751197,382,FCBVQJQM,13751197,,,,,,2,2
1547,COMPLETED,2009-09-11 16:16:56,2009-09-11 16:43:06,1570,74440217,931,PJDDOGXO,74440217,,1,,,,,5
1548,COMPLETED,2009-09-11 16:33:31,2009-09-11 17:19:11,2740,70570026,904,ENYXQBCY,70570026,,,,,1,,3
1549,COMPLETED,2009-09-11 16:55:17,2009-09-11 17:19:58,1481,84140196,957,WXVKUSTA,84140196,,,,1,,,4
1550,COMPLETED,2009-09-11 17:26:59,2009-09-11 17:47:42,1243,32210101,648,FDCRICDU,32210101,,,,,2,,3
1551,COMPLETED,2009-09-11 17:42:00,2009-09-11 18:05:09,1389,21710079,561,MPVORVCA,21710079,,,,2,,,4
1552,COMPLETED,2009-09-11 18:43:34,2009-09-11 18:59:58,984,30240007,618,SYMYWZOD,30240007,2,,,,,,6
1553,COMPLETED,2009-09-11 19:05:46,2009-09-19 11:10:47,662701,50210004,760,CFQBUXYY,50210004,2,,,,,,6
1554,COMPLETED,2009-09-11 19:07:09,2009-09-11 19:57:16,3007,11940600,198,FDNXAPEX,11940600,,,,1,,,4
1555,COMPLETED,2009-09-11 19:22:43,2009-09-11 20:09:54,2831,31420064,635,BZMZFNMI,31420064,,,,,2,,3
1556,COMPLETED,2009-09-11 19:37:27,2009-10-01 02:54:24,1667817,15061663,535,ENNFWMWX,15061663,,,2,,,,1
1557,DROPOUT,2009-09-11 19:47:46,,,34250200,678,IYYJECFY,34250200,,,,,,,
1558,COMPLETED,2009-09-11 20:24:49,2009-09-11 20:46:56,1327,12420754,249,TRORAYKG,12420754,,,,,,2,2
1559,COMPLETED,2009-09-11 21:03:39,2009-09-11 21:27:29,1430,30550024,622,XUFRZKUE,30550024,,,,,,1,2
1560,COMPLETED,2009-09-11 21:07:58,2009-09-11 21:35:17,1639,63220148,867,TUTOIHPY,63220148,,,,,,1,2
1561,COMPLETED,2009-09-11 21:36:20,2009-09-11 22:08:18,1918,13611138,352,EZGQPAZB,13611138,,,,,,1,2
1562,COMPLETED,2009-09-11 21:48:42,2009-09-11 22:13:14,1472,62220100,859,JKORFTXG,62220100,,,,,2,,3
1563,COMPLETED,2009-09-11 22:57:22,2009-09-11 23:23:35,1573,12020630,209,ENEGOLFW,12020630,,,1,,,,1
1564,COMPLETED,2009-09-12 00:54:45,2009-09-12 01:40:45,2760,54940236,825,VDFXKJJR,54940236,,,1,,,,1
1565,COMPLETED,2009-09-12 08:09:58,2009-09-12 08:31:11,1273,11030333,95,FLWWNGJN,11030333,,,,2,,,4
1566,COMPLETED,2009-09-12 08:23:05,2009-09-12 08:55:44,1959,12430759,251,TPQCHMZR,12430759,,,,,1,,3
1567,COMPLETED,2009-09-12 11:10:11,2009-09-12 11:22:17,726,11110349,104,VHTLDWVZ,11110349,,,,,1,,3
1568,COMPLETED,2009-09-12 12:22:56,2009-09-12 12:57:54,2098,93630166,985,DQVYAKRI,93630166,,,,1,,,4
1569,COMPLETED,2009-09-12 15:25:06,2009-09-12 17:09:32,6266,11220383,126,ERIJFFPG,11220383,,,,,,1,2
1570,COMPLETED,2009-09-12 15:53:36,2009-09-12 16:33:37,2401,44910235,755,OFIQIIJI,44910235,,,,1,,,4
1571,COMPLETED,2009-09-12 16:15:06,2009-09-12 16:44:59,1793,55020238,826,ZFCFRSDB,55020238,,1,,,,,5
1572,COMPLETED,2009-09-12 17:07:05,2009-09-12 17:21:54,889,23740175,586,QIHCMHKI,23740175,,1,,,,,5
1573,COMPLETED,2009-09-12 17:15:40,2009-09-12 17:39:41,1441,43630168,725,KXRMSOLN,43630168,,,,2,,,4
1574,COMPLETED,2009-09-12 18:18:19,2009-09-12 18:47:42,1763,81050050,938,QEDEYQPY,81050050,,,,,2,,3
1575,COMPLETED,2009-09-12 20:24:05,2009-09-12 20:43:45,1180,10580174,55,GPXSOTIC,10580174,,1,,,,,5
1576,COMPLETED,2009-09-12 20:55:49,2009-09-12 21:26:12,1823,71120052,910,PTHWKCOH,71120052,,,2,,,,1
1577,COMPLETED,2009-09-12 20:58:51,2009-09-30 20:09:47,1552256,53240150,791,GDXRVWWX,53240150,,,,2,,,4
1578,COMPLETED,2009-09-12 21:55:41,2009-09-12 23:03:59,4098,14421420,453,EEQUPPOI,14421420,,,,,1,,3
1579,COMPLETED,2009-09-12 22:24:23,2009-09-19 11:37:44,566001,13431089,334,PYPGJWKS,13431089,2,,,,,,6
1580,COMPLETED,2009-09-12 23:35:38,2009-09-15 23:47:59,259941,14921610,522,WCNRRZSJ,14921610,2,,,,,,6
1581,COMPLETED,2009-09-12 23:57:32,2009-09-13 00:02:50,318,11110350,105,UUWSPNVB,11110350,,,1,,,,1
1582,COMPLETED,2009-09-13 00:39:46,2009-09-13 00:56:56,1030,21140055,550,QNXLYDIW,21140055,,,,,,1,2
1583,COMPLETED,2009-09-13 01:37:00,2009-09-13 02:34:48,3468,54530214,813,MLBMXGZT,54530214,,,,,,1,2
1584,COMPLETED,2009-09-13 06:02:31,2009-09-13 06:29:29,1618,12250707,236,KVURIMEY,12250707,,1,,,,,5
1585,COMPLETED,2009-09-13 06:03:05,2009-09-13 06:12:42,577,11810559,183,EDCXIIKF,11810559,,,,,,2,2
1586,COMPLETED,2009-09-13 06:14:24,2009-09-13 06:32:52,1108,14411413,450,LSFUYPCH,14411413,,,2,,,,1
1587,COMPLETED,2009-09-13 10:45:33,2009-09-13 10:58:27,774,22820132,576,VXYMMYMJ,22820132,,1,,,,,5
1588,COMPLETED,2009-09-13 12:33:54,2009-09-30 14:39:10,1476316,10560165,51,ENSJIROG,10560165,,,,,,2,2
1589,COMPLETED,2009-09-13 18:24:45,2009-09-13 18:50:14,1529,13341067,322,KDSNMQKY,13341067,,,,1,,,4
1590,COMPLETED,2009-09-13 18:57:39,2009-09-13 19:34:46,2227,10240049,22,ANERKHSD,10240049,2,,,,,,6
1591,COMPLETED,2009-09-13 19:07:11,2009-09-13 19:31:40,1469,10440120,44,CXBVIBPS,10440120,2,,,,,,6
1592,COMPLETED,2009-09-13 19:53:49,2009-09-24 07:59:18,907529,11031742,898,OJZMELIA,11031742,,,,2,,,4
1593,COMPLETED,2009-09-13 21:05:21,2009-09-13 21:46:56,2495,24110193,594,SRODDYBU,24110193,,,,2,,,4
1594,COMPLETED,2009-09-13 21:45:56,2009-09-25 16:36:54,1018258,13621140,354,MYBJQMRJ,13621140,1,,,,,,6
1595,COMPLETED,2009-09-14 07:32:58,2009-09-14 08:16:22,2604,10930286,85,GIKGSBMP,10930286,,,,2,,,4
1596,COMPLETED,2009-09-14 09:04:19,2009-09-14 09:22:30,1091,24220199,596,NKOLDBKM,24220199,,,,,,2,2
1597,COMPLETED,2009-09-14 10:09:47,2009-09-14 10:19:14,567,61830082,854,VWFVVBWG,61830082,2,,,,,,6
1598,COMPLETED,2009-09-14 11:14:00,2009-09-14 11:52:16,2296,40740034,700,QKMCIPOD,40740034,,,,,1,,3
1599,COMPLETED,2009-09-14 11:45:51,2009-09-14 12:03:55,1084,12450780,262,SUIXSNPU,12450780,,2,,,,,5
1600,COMPLETED,2009-09-14 12:25:59,2009-09-14 12:55:00,1741,34810230,690,QJESQUCJ,34810230,1,,,,,,6
1601,COMPLETED,2009-09-14 12:28:50,2009-09-14 13:15:27,2797,11031750,900,PIKOOPMJ,11031750,,,,,,1,2
1602,COMPLETED,2009-09-14 14:58:19,2009-09-30 21:22:00,1405421,84140201,958,IKTXIPFX,84140201,,1,,,,,5
1603,COMPLETED,2009-09-14 15:33:35,2009-09-14 15:59:37,1562,14451443,460,TEURFCKQ,14451443,,,,2,,,4
1604,COMPLETED,2009-09-14 16:13:42,2009-09-14 16:25:20,698,14051297,418,KCLYVYOU,14051297,,,,,,1,2
1605,COMPLETED,2009-09-14 16:40:39,2009-09-15 11:50:59,69020,10620188,58,JDGYPLJN,10620188,,,1,,,,1
1606,COMPLETED,2009-09-14 17:19:35,2009-09-14 17:41:47,1332,13221021,309,DOQVOYDY,13221021,,,,,,1,2
1607,COMPLETED,2009-09-14 18:12:50,2009-09-17 07:59:59,222429,13611139,353,HYWKHPRI,13611139,,,2,,,,1
1608,COMPLETED,2009-09-14 18:23:47,2009-09-14 18:44:04,1217,30740034,627,PKOUPYNB,30740034,,,,,,1,2
1609,COMPLETED,2009-09-14 19:17:07,2009-09-14 20:31:23,4456,12650840,280,CQBJOYHD,12650840,,,,,,1,2
1610,COMPLETED,2009-09-14 19:52:00,2009-09-14 20:07:40,940,13130987,304,IRPCBSYR,13130987,,,,,1,,3
1611,COMPLETED,2009-09-14 21:51:00,2009-09-14 22:29:32,2312,13721182,378,MHLCDJKI,13721182,,,2,,,,1
1612,COMPLETED,2009-09-14 22:21:13,2009-09-14 23:31:37,4224,12540802,268,WGYNMQHW,12540802,1,,,,,,6
1613,COMPLETED,2009-09-14 23:19:33,2009-09-16 19:17:58,158305,13341070,325,OWXNEFPC,13341070,1,,,,,,6
1614,COMPLETED,2009-09-15 09:45:10,2009-09-29 12:28:33,1219403,14441434,456,YXKMXLVW,14441434,,,,,,1,2
1615,COMPLETED,2009-09-15 09:47:49,2009-09-15 10:05:20,1051,94710232,993,QYCSBRVR,94710232,,,,2,,,4
1616,COMPLETED,2009-09-15 10:01:49,2009-09-15 10:16:30,881,11430441,142,TPUKXUWH,11430441,,1,,,,,5
1617,COMPLETED,2009-09-15 10:25:04,2009-09-15 10:44:27,1163,30620028,624,DCJDSZEY,30620028,,1,,,,,5
1618,COMPLETED,2009-09-15 10:53:01,2009-09-15 10:59:15,374,13851236,401,HEITKSBE,13851236,,2,,,,,5
1619,COMPLETED,2009-09-15 11:15:20,2009-09-15 11:25:07,587,30310010,619,NIQKXYLL,30310010,,,,2,,,4
1620,COMPLETED,2009-09-15 11:50:20,2009-09-15 12:00:11,591,13551134,349,EDJYZQAT,13551134,,,,,,1,2
1621,COMPLETED,2009-09-15 12:43:04,2009-09-15 13:07:17,1453,42730125,718,YLJKNKUZ,42730125,,,1,,,,1
1622,COMPLETED,2009-09-15 13:44:32,2009-09-15 13:47:55,203,14731549,503,VBCYCQXC,14731549,,,,,,2,2
1623,COMPLETED,2009-09-15 14:09:21,2009-09-15 14:23:32,851,11920590,194,VVDICGEP,11920590,,,,,,,3
1624,COMPLETED,2009-09-15 14:16:26,2009-09-15 14:34:28,1082,14421421,454,CSJUEYMD,14421421,,,,2,,,4
1625,COMPLETED,2009-09-15 14:37:09,2009-10-14 14:21:54,2504685,55050241,827,WCLIJSAI,55050241,,,,,,2,2
1626,COMPLETED,2009-09-15 15:07:35,2009-09-15 15:41:58,2063,13821210,389,NYMLKJMS,13821210,,,,1,,,4
1627,COMPLETED,2009-09-15 15:14:10,2009-09-15 15:36:35,1345,15041648,532,RNCLLFUT,15041648,,2,,,,,5
1628,COMPLETED,2009-09-15 15:25:19,2009-09-15 15:41:37,978,12220689,226,NDOEDWQM,12220689,,1,,,,,5
1629,COMPLETED,2009-09-15 15:34:00,2009-09-15 16:12:42,2322,72210101,917,YKEWUIHJ,72210101,,,1,,,,1
1630,COMPLETED,2009-09-15 15:52:35,2009-09-15 16:14:13,1298,12210680,219,OFRVISDR,12210680,,,,2,,,4
1,DROPOUT,2009-09-15 16:32:59,,,*SURVEY EDITOR TESTRUN*,,,,,,,,1,,3
1631,COMPLETED,2009-09-15 16:37:49,2009-09-15 17:19:57,2528,13641151,361,UYOSUCBO,13641151,,,,,1,,3
1632,COMPLETED,2009-09-15 17:52:52,2009-09-15 18:12:53,1201,61220055,844,UQKCKKHJ,61220055,2,,,,,,6
1633,COMPLETED,2009-09-15 20:13:17,2009-09-15 20:34:48,1291,13631144,358,LLSECVLR,13631144,,,,,1,,3
1634,COMPLETED,2009-09-15 21:55:42,2009-09-15 22:10:24,882,13411078,327,AKIQQENS,13411078,,,1,,,,1
1635,COMPLETED,2009-09-15 22:51:55,2009-09-15 23:30:30,2315,11930595,196,EHUXHHXX,11930595,,,1,,,,1
1636,COMPLETED,2009-09-16 07:16:54,2009-09-16 07:34:12,1038,43030142,720,NPYJTRAL,43030142,,2,,,,,5
1637,COMPLETED,2009-09-16 10:09:00,2009-09-16 10:27:57,1137,13511103,340,VJUEZXND,13511103,,,,2,,,4
1638,COMPLETED,2009-09-16 12:15:39,2009-09-16 12:44:28,1729,43330156,722,JCJKMUXO,43330156,,,,,2,,3
1639,COMPLETED,2009-09-16 12:22:33,2009-09-16 12:43:04,1231,12120656,212,STDEHIBE,12120656,,,2,,,,1
1640,COMPLETED,2009-09-16 14:33:33,2009-09-16 14:48:28,895,91530069,975,DNHVIFKU,91530069,2,,,,,,6
1641,COMPLETED,2009-09-16 17:12:59,2009-09-16 17:17:57,298,12620818,275,ZPVUYDKV,12620818,,,,,1,,3
1642,COMPLETED,2009-09-16 18:26:32,2009-09-16 18:44:37,1085,20950045,546,ZTSXBVLZ,20950045,,,,1,,,4
1643,COMPLETED,2009-09-16 18:30:34,2009-09-16 18:47:50,1036,81140053,939,NGRGLCCD,81140053,,,,2,,,4
1644,COMPLETED,2009-09-16 18:59:05,2009-09-16 19:17:44,1119,11150370,117,VFJNQDDS,11150370,,,,,2,,3
1645,COMPLETED,2009-09-16 19:02:36,2009-09-16 19:50:34,2878,12210686,224,VFPKUPVG,12210686,,1,,,,,5
1646,COMPLETED,2009-09-16 19:05:39,2009-09-16 19:24:55,1156,51750080,776,RIFJZZDI,51750080,,,1,,,,1
1647,COMPLETED,2009-09-16 19:29:06,2009-09-16 19:54:06,1500,11250403,131,COIUEWHF,11250403,,,,,1,,3
1648,COMPLETED,2009-09-16 20:36:42,2009-09-16 20:43:44,422,13531116,344,IBTRQVII,13531116,2,,,,,,6
1649,COMPLETED,2009-09-16 21:56:16,2009-09-16 22:21:15,1499,11420437,140,YPIHSZBL,11420437,,,,2,,,4
1650,COMPLETED,2009-09-16 21:58:04,2009-09-16 22:14:33,989,71630074,914,ETPGYSSH,71630074,,2,,,,,5
1651,COMPLETED,2009-09-16 22:44:28,2009-09-21 20:04:18,422390,11220382,125,HKIHFMBF,11220382,,,,,1,,3
1652,COMPLETED,2009-09-16 22:54:33,2009-09-16 23:53:29,3536,14651533,496,JOGAGDMQ,14651533,,,,,,2,2
1653,COMPLETED,2009-09-17 01:41:47,2009-09-17 02:22:04,2417,14541472,472,YJYBGIOX,14541472,,,,,,2,2
1654,DROPOUT,2009-09-17 08:42:31,,,13120982,302,ZCGGXWJF,13120982,,,,,,,
1655,COMPLETED,2009-09-17 15:20:19,2009-09-17 15:33:06,767,13110981,301,CTWVMCBD,13110981,,,,2,,,4
1656,COMPLETED,2009-09-17 16:04:02,2009-09-17 16:27:53,1431,41150054,703,MFWNLYNG,41150054,,,,2,,,4
1657,COMPLETED,2009-09-17 18:30:35,2009-09-17 18:49:23,1128,11720533,171,WVWVJWEC,11720533,1,,,,,,6
1658,COMPLETED,2009-09-17 20:19:34,2009-09-17 20:36:08,994,20430017,539,YDHXRPWO,20430017,,,,2,,,4
1659,COMPLETED,2009-09-17 20:29:55,2009-09-17 21:07:08,2233,14231357,444,MDIFHEEY,14231357,,,,,,2,2
1660,COMPLETED,2009-09-17 20:32:56,2009-09-17 20:53:00,1204,14531465,470,PPFQHHDF,14531465,,,1,,,,1
1661,COMPLETED,2009-09-17 21:58:04,2009-09-17 22:09:01,657,11050344,100,TFSITARG,11050344,,,2,,,,1
1662,COMPLETED,2009-09-17 22:15:44,2009-09-17 23:14:51,3547,14951624,526,YFPGMZXM,14951624,,2,,,,,5
1663,COMPLETED,2009-09-18 08:01:14,2009-10-05 06:13:04,1462310,22750129,574,SKBFHLDA,22750129,,,,,1,,3
1664,COMPLETED,2009-09-18 08:35:26,2009-09-18 08:56:06,1240,14621509,484,QWMYGUXD,14621509,,,,,1,,3
1665,COMPLETED,2009-09-18 11:56:52,2009-09-19 19:41:10,114258,12150679,218,RUKIQAJM,12150679,2,,,,,,6
1666,COMPLETED,2009-09-18 12:41:09,2009-09-18 13:09:17,1688,44740228,752,CLOXMGVV,44740228,2,,,,,,6
1667,COMPLETED,2009-09-18 13:24:19,2009-09-18 13:46:35,1336,11320412,133,PCNDDWBV,11320412,,,1,,,,1
1668,COMPLETED,2009-09-18 13:54:32,2009-09-18 14:21:36,1624,12610814,273,EMMZKOHE,12610814,,,,1,,,4
1669,COMPLETED,2009-09-18 13:56:58,2009-09-20 13:23:54,170816,33340157,661,STPHEWEF,33340157,,1,,,,,5
1670,COMPLETED,2009-09-18 15:27:26,2009-09-21 23:32:56,288330,94430215,990,JYNQYVHW,94430215,2,,,,,,6
1671,COMPLETED,2009-09-18 15:39:19,2009-09-18 16:07:19,1680,61110050,840,VQKETLHP,61110050,,,,,1,,3
1672,COMPLETED,2009-09-18 16:26:38,2009-09-18 17:28:13,3695,33640169,668,DOXWMEOH,33640169,,,,,2,,3
1673,COMPLETED,2009-09-18 19:40:07,2009-09-18 19:59:07,1140,13421704,894,TDQBOHOF,13421704,,1,,,,,5
1674,COMPLETED,2009-09-18 20:40:11,2009-09-18 20:52:06,715,13811205,386,XUJVVITT,13811205,,1,,,,,5
1675,COMPLETED,2009-09-18 21:57:25,2009-09-18 22:32:35,2110,11210378,123,SKPCDNIE,11210378,,,,,,2,2
1676,COMPLETED,2009-09-18 23:06:16,2009-09-18 23:29:19,1383,10330076,32,AQMZQIFL,10330076,2,,,,,,6
1677,COMPLETED,2009-09-18 23:14:40,2009-09-18 23:28:04,804,11310406,132,PEIJYEJA,11310406,,,,,2,,3
1678,COMPLETED,2009-09-19 15:16:10,2009-09-19 15:33:04,1014,21030049,548,MKXQODUQ,21030049,,,2,,,,1
1679,COMPLETED,2009-09-19 15:57:14,2009-09-19 16:15:17,1083,64940236,888,GWNSRDXK,64940236,,,,,1,,3
1680,COMPLETED,2009-09-19 15:59:10,2009-09-19 16:17:40,1110,24320203,598,VHSWNRXD,24320203,,1,,,,,5
1681,COMPLETED,2009-09-19 17:41:50,2009-09-19 17:50:56,546,14451446,462,QFKTEMLJ,14451446,,,,1,,,4
1682,COMPLETED,2009-09-19 18:10:09,2009-09-19 18:30:00,1191,42520116,716,YHMINDDN,42520116,,,,2,,,4
1683,COMPLETED,2009-09-19 19:27:49,2009-09-19 19:33:01,312,22850134,577,QNYLTNDB,22850134,2,,,,,,6
1684,COMPLETED,2009-09-19 19:54:45,2009-09-19 20:09:21,876,11710525,170,XDIWMJQB,11710525,,,,1,,,4
1685,COMPLETED,2009-09-19 23:52:37,2009-09-20 00:11:43,1146,33440161,664,JHKAQBGB,33440161,,,,2,,,4
1686,COMPLETED,2009-09-20 08:42:30,2009-09-20 08:48:32,362,12240705,235,HIPJQMFL,12240705,1,,,,,,6
1687,COMPLETED,2009-09-20 09:35:43,2009-09-20 09:55:28,1185,13551130,346,ZSRBNQOQ,13551130,,,,2,,,4
1688,DROPOUT,2009-09-20 10:53:47,,,12430760,252,BJFQHVHE,12430760,,,,,,,
1689,COMPLETED,2009-09-20 11:07:01,2009-09-20 11:29:55,1374,13251038,317,ZOTVRCVF,13251038,,,2,,,,1
1690,COMPLETED,2009-09-20 11:25:13,2009-09-20 11:50:35,1522,11830571,188,FWBICTDH,11830571,2,,,,,,6
1691,COMPLETED,2009-09-20 11:46:48,2009-09-20 12:43:01,3373,11650514,167,NTFPHEPS,11650514,2,,,,,,6
1692,COMPLETED,2009-09-20 13:10:21,2009-09-20 13:32:25,1324,12620819,276,YCZIWHFK,12620819,,,,,1,,3
1693,COMPLETED,2009-09-20 13:28:25,2009-09-20 15:14:05,6340,11630498,163,KSFMWYVT,11630498,2,,,,,,6
1694,COMPLETED,2009-09-20 13:36:02,2009-09-20 13:52:10,968,34350205,680,IFMQRTJB,34350205,,,,,,2,2
1695,COMPLETED,2009-09-20 14:12:46,2009-09-30 21:28:28,890142,11810555,180,JSKBPLFC,11810555,,,,,2,,3
1696,COMPLETED,2009-09-20 14:14:02,2009-09-20 14:28:16,854,11530472,153,WMPBUJCH,11530472,,,,2,,,4
1697,COMPLETED,2009-09-20 19:45:43,2009-09-20 19:55:32,589,10440123,46,JBEQDVTM,10440123,2,,,,,,6
1698,COMPLETED,2009-09-20 19:54:54,2009-09-20 20:09:45,891,10620187,57,MJTTULGS,10620187,,,,,1,,3
1699,COMPLETED,2009-09-20 20:21:49,2009-09-20 20:44:14,1345,45040241,757,GZZUVRFV,45040241,,,2,,,,1
1700,COMPLETED,2009-09-20 20:52:56,2009-09-20 21:18:36,1540,10440118,43,JJXVRMJH,10440118,,1,,,,,5
1701,COMPLETED,2009-09-20 23:33:53,2009-09-21 00:11:10,2237,12240703,234,KYCOKRLM,12240703,,1,,,,,5
1702,COMPLETED,2009-09-21 06:14:12,2009-09-21 07:13:34,3562,13221024,312,VQQYVBGQ,13221024,,,,,2,,3
1703,COMPLETED,2009-09-21 09:15:06,2009-09-21 09:33:54,1128,14911606,519,RFHMIZRP,14911606,,,,,1,,3
1704,COMPLETED,2009-09-21 10:58:19,2009-09-21 12:36:00,5861,44530213,742,SUYSLAGJ,44530213,,1,,,,,5
1705,COMPLETED,2009-09-21 11:01:03,2009-09-21 17:35:46,23683,11940597,197,CFXEGMBL,11940597,,,,,,2,2
1706,COMPLETED,2009-09-21 11:40:32,2009-09-26 23:30:55,474623,14041689,892,HJCLRBMT,14041689,,,1,,,,1
1707,COMPLETED,2009-09-21 13:59:54,2009-09-21 14:35:40,2146,62020090,856,JURRMKUU,62020090,,1,,,,,5
1708,COMPLETED,2009-09-21 20:45:41,2009-09-21 21:05:26,1185,12830897,295,XIWFCVGN,12830897,,,1,,,,1
1709,COMPLETED,2009-09-21 22:13:22,2009-09-21 22:31:31,1089,14441436,457,MERVYHRN,14441436,,,,1,,,4
1710,COMPLETED,2009-09-22 01:14:46,2009-09-22 01:36:27,1301,24350206,599,GOOQGDNH,24350206,,,,1,,,4
1711,COMPLETED,2009-09-22 08:24:22,2009-09-22 08:36:57,755,82610118,950,OJDGOUXL,82610118,,2,,,,,5
1712,COMPLETED,2009-09-22 08:33:31,2009-09-22 08:43:04,573,13341068,323,PRNESNDH,13341068,,,,,,2,2
1713,COMPLETED,2009-09-22 08:37:11,2009-09-22 08:52:59,948,72320107,918,KYHXIRPH,72320107,,,1,,,,1
1714,COMPLETED,2009-09-22 10:20:18,2009-09-22 10:51:40,1882,12730858,288,MNTPGKMZ,12730858,1,,,,,,6
1715,COMPLETED,2009-09-22 13:53:26,2009-09-22 14:18:16,1490,13611137,351,MDTEDEFC,13611137,,,,,,2,2
1716,COMPLETED,2009-09-22 15:34:52,2009-09-22 15:55:46,1254,42650122,717,UHXBUOCQ,42650122,1,,,,,,6
1717,COMPLETED,2009-09-22 17:11:13,2009-09-22 17:21:27,614,11730535,173,JSERKSCE,11730535,,,,,,1,2
1718,COMPLETED,2009-09-22 18:00:39,2009-09-22 18:31:34,1855,13711163,367,YJFQYKXV,13711163,,,1,,,,1
1719,COMPLETED,2009-09-22 18:01:37,2009-09-22 18:25:01,1404,13231031,314,KIECGNFM,13231031,,1,,,,,5
1720,COMPLETED,2009-09-22 18:21:58,2009-09-22 18:38:57,1019,63240150,868,UBZTZYRW,63240150,,,,2,,,4
1721,COMPLETED,2009-09-22 18:41:37,2009-09-25 16:13:59,250342,12350748,245,XXRROIQV,12350748,,2,,,,,5
1722,COMPLETED,2009-09-22 18:44:22,2009-09-22 19:20:59,2197,53420157,794,JXVPVXBS,53420157,,2,,,,,5
1723,COMPLETED,2009-09-22 19:00:27,2009-09-22 19:08:34,487,71150054,911,ERWKRXXP,71150054,2,,,,,,6
1724,COMPLETED,2009-09-22 19:15:45,2009-09-22 19:36:13,1228,44540217,746,MJWTFDCI,44540217,,,1,,,,1
1725,COMPLETED,2009-09-22 20:14:30,2009-09-22 20:28:11,821,11340423,136,UWDBUBHG,11340423,,,,2,,,4
1726,COMPLETED,2009-09-22 21:35:24,2009-09-22 21:48:38,794,11120358,108,BIZXUBGK,11120358,2,,,,,,6
1727,COMPLETED,2009-09-22 21:49:46,2009-09-22 22:24:49,2103,12240701,233,JWVSIRKN,12240701,,2,,,,,5
1728,COMPLETED,2009-09-22 21:58:26,2009-09-22 22:15:03,997,81650076,944,HXKKVWDB,81650076,1,,,,,,6
1729,COMPLETED,2009-09-23 08:43:30,2009-09-23 09:22:33,2343,21650077,560,REFGCCEL,21650077,,,,,,2,2
1730,COMPLETED,2009-09-23 09:23:54,2009-09-23 17:27:47,29033,64520212,882,TIXIBONE,64520212,,1,,,,,5
1731,COMPLETED,2009-09-23 11:26:11,2009-09-23 19:35:49,29378,34230198,677,BNGYNGLB,34230198,,,1,,,,1
1732,COMPLETED,2009-09-23 13:15:04,2009-09-27 19:32:51,368267,11730538,175,RODFTUJL,11730538,,2,,,,,5
1733,COMPLETED,2009-09-23 13:19:42,2009-09-23 13:34:30,888,12130657,213,DXOUIMGL,12130657,,1,,,,,5
1,DROPOUT,2009-09-23 17:14:03,,,*SURVEY EDITOR TESTRUN*,,,,,,,,,,
1734,COMPLETED,2009-09-23 17:16:13,2009-09-23 17:40:48,1475,10440122,45,OKIMBANV,10440122,,,,,2,,3
1,DROPOUT,2009-09-23 17:16:59,,,*SURVEY EDITOR TESTRUN*,,,,,,,,,,
1735,COMPLETED,2009-09-23 17:56:32,2009-09-23 20:06:19,7787,24040191,592,CHJFGTMT,24040191,,1,,,,,5
1736,COMPLETED,2009-09-23 17:57:04,2009-09-23 19:06:59,4195,10410096,39,ELLVBHHM,10410096,,,,,1,,3
1737,COMPLETED,2009-09-23 18:46:05,2009-09-23 19:10:54,1489,70520021,902,FKOTFHHF,70520021,,,,,,2,2
1738,COMPLETED,2009-09-23 19:30:43,2009-09-23 20:03:47,1984,82210100,945,BCICMYEH,82210100,,,,,1,,3
1739,COMPLETED,2009-09-23 19:36:42,2009-09-23 20:00:38,1436,14611495,479,YSXFAUPS,14611495,,,1,,,,1
1740,COMPLETED,2009-09-23 19:39:49,2009-09-23 19:55:50,961,94940244,995,QQJDRCFV,94940244,,,,,,1,2
1741,COMPLETED,2009-09-23 19:56:57,2009-09-23 20:17:49,1252,11530467,150,CKPEEESY,11530467,,1,,,,,5
1742,COMPLETED,2009-09-23 20:32:08,2009-09-23 20:57:25,1517,15051653,534,IYFTHNOY,15051653,,,,,2,,3
1743,COMPLETED,2009-09-23 23:29:15,2009-09-23 23:53:22,1447,74220208,928,GVXLYNJK,74220208,1,,,,,,6
1744,COMPLETED,2009-09-24 00:04:14,2009-09-24 00:28:12,1438,14321380,447,WBNUOKTL,14321380,,,1,,,,1
1745,COMPLETED,2009-09-24 08:20:44,2009-09-24 09:13:12,3148,13651158,366,VREKQBLX,13651158,,,,,,1,2
1746,COMPLETED,2009-09-24 12:52:20,2009-09-24 13:13:50,1290,63140144,866,NHSXYRWI,63140144,,,1,,,,1
1747,COMPLETED,2009-09-24 13:15:08,2009-09-24 15:28:28,8000,13721170,370,GMRNUXBC,13721170,,,,,1,,3
1748,COMPLETED,2009-09-24 20:41:18,2009-09-24 21:03:42,1344,14111308,423,TRMIGLSR,14111308,,,,,2,,3
1749,COMPLETED,2009-09-24 20:51:24,2009-09-24 21:12:30,1266,22240105,570,ZYNPZKOH,22240105,2,,,,,,6
1750,COMPLETED,2009-09-24 21:36:36,2009-09-24 22:02:54,1578,94650231,992,CGFCVGKO,94650231,,,,2,,,4
1751,COMPLETED,2009-09-24 22:30:33,2009-09-24 23:08:32,2279,60120001,828,YUKIZTGL,60120001,,,,,1,,3
1752,COMPLETED,2009-09-24 23:12:07,2009-09-24 23:53:54,2507,14811563,509,IUNCLHEG,14811563,,,,,1,,3
1753,COMPLETED,2009-09-25 10:15:58,2009-09-25 11:03:04,2826,33630168,667,ASOEFFYE,33630168,,,,2,,,4
1754,COMPLETED,2009-09-25 11:20:23,2009-09-25 11:43:59,1416,14541483,477,BHOYLETF,14541483,,,,,1,,3
1755,COMPLETED,2009-09-25 14:46:41,2009-09-25 14:57:21,640,14441438,458,MYDXZPMC,14441438,,,,,1,,3
1756,COMPLETED,2009-09-25 15:19:46,2009-09-25 15:35:10,924,12130660,214,JXTWBGFX,12130660,,,,,,2,2
1757,COMPLETED,2009-09-25 15:29:01,2009-09-25 15:54:20,1519,12810877,292,QCQBFQNJ,12810877,,1,,,,,5
1,DROPOUT,2009-09-25 16:09:48,,,*SURVEY EDITOR TESTRUN*,,,,,,,,,,
1758,COMPLETED,2009-09-25 17:59:44,2009-09-25 18:20:37,1253,61250057,845,CTROSJWG,61250057,,1,,,,,5
1759,COMPLETED,2009-09-25 19:33:54,2009-09-25 19:54:34,1240,21040051,549,DVRQFSAU,21040051,,,,,,1,2
1760,COMPLETED,2009-09-25 20:25:39,2009-09-25 21:00:32,2093,14121310,425,WWCIVREL,14121310,,,,,1,,3
1761,COMPLETED,2009-09-25 22:51:53,2009-09-25 23:11:45,1192,14921607,520,MJQXPYBG,14921607,,,,,,1,2
1762,COMPLETED,2009-09-26 05:29:01,2009-09-26 05:40:43,702,10840257,78,NWLZFWEZ,10840257,,,,1,,,4
1763,COMPLETED,2009-09-26 07:52:15,2009-09-26 08:06:32,857,10820242,74,UTPJIDEA,10820242,2,,,,,,6
1764,COMPLETED,2009-09-26 07:58:57,2009-09-26 08:15:45,1008,42420110,714,OVONNLRR,42420110,2,,,,,,6
1765,COMPLETED,2009-09-26 09:58:21,2009-09-26 10:25:33,1632,12650841,281,ZOXQBFHS,12650841,,1,,,,,5
1766,COMPLETED,2009-09-26 10:35:49,2009-09-26 10:50:43,894,12450776,259,MSSCVIJD,12450776,,1,,,,,5
1767,COMPLETED,2009-09-26 13:05:57,2009-09-26 13:24:23,1106,13351072,326,JCEQYQWG,13351072,,1,,,,,5
1768,COMPLETED,2009-09-26 15:57:51,2009-09-29 23:30:14,286343,11510458,146,UKFTHTJE,11510458,,1,,,,,5
1769,COMPLETED,2009-09-26 17:58:10,2009-09-26 18:13:28,918,53140144,788,SHIPFBJB,53140144,,,,,1,,3
1770,COMPLETED,2009-09-26 20:07:35,2009-09-26 20:13:53,378,22120097,565,BDFIPPBY,22120097,,1,,,,,5
1771,COMPLETED,2009-09-26 20:20:43,2009-09-30 16:00:51,330008,62410109,861,CKOYHXVH,62410109,,,,,,2,2
1772,COMPLETED,2009-09-27 04:56:06,2009-09-27 05:28:08,1922,14011271,410,OHMGDAVW,14011271,,,,1,,,4
1773,COMPLETED,2009-09-27 05:24:23,2009-09-28 19:48:06,138223,10810237,73,NRNAULFV,10810237,,1,,,,,5
1774,COMPLETED,2009-09-27 08:58:21,2009-09-27 09:01:26,185,52320105,783,GJYYITPS,52320105,,,,,,1,2
1775,COMPLETED,2009-09-27 11:15:28,2009-09-27 11:20:47,319,44540216,745,DHOWKKIT,44540216,,,,,1,,3
1776,COMPLETED,2009-09-27 11:17:20,2009-09-27 11:40:29,1389,10330074,30,SSUZMLLL,10330074,,2,,,,,5
1777,COMPLETED,2009-09-27 11:26:09,2009-09-27 12:07:53,2504,11350426,138,NMJHBOBG,11350426,,,,,2,,3
1778,COMPLETED,2009-09-27 13:57:47,2009-09-27 14:24:59,1632,53630167,800,GOWZFIXM,53630167,,,1,,,,1
1779,COMPLETED,2009-09-27 14:26:43,2009-09-27 21:07:40,24057,24140196,595,PONJGUEI,24140196,,,,,,1,2
1780,COMPLETED,2009-09-27 15:47:17,2009-09-27 15:56:53,576,14141324,431,JJEKKILA,14141324,,,,,,2,2
1781,COMPLETED,2009-09-27 16:22:25,2009-09-27 16:41:00,1115,20510020,540,IVWUDYMV,20510020,,,,1,,,4
1782,COMPLETED,2009-09-27 16:40:41,2009-09-27 16:54:22,821,10750235,72,DFIXGJFC,10750235,,,,2,,,4
1783,COMPLETED,2009-09-27 17:03:47,2009-09-27 17:29:06,1519,12350746,244,XAPJMFZZ,12350746,,,1,,,,1
1784,COMPLETED,2009-09-27 17:26:27,2009-09-27 17:37:55,688,52330106,784,PVGXAVQO,52330106,2,,,,,,6
1785,COMPLETED,2009-09-27 17:34:53,2009-09-27 18:14:03,2350,14041685,891,QOZTPUMV,14041685,,,,,2,,3
1786,COMPLETED,2009-09-27 17:40:55,2009-09-27 19:22:00,6065,34910235,691,JTWXRSME,34910235,,2,,,,,5
1787,COMPLETED,2009-09-27 18:35:43,2009-09-27 19:05:35,1792,11250402,130,KKXMFYYL,11250402,,,1,,,,1
1788,COMPLETED,2009-09-27 18:54:27,2009-09-30 22:03:40,270553,14451444,461,WNIBHQEW,14451444,2,,,,,,6
1789,COMPLETED,2009-09-27 19:03:09,2009-09-30 19:02:53,259184,23410159,583,WJNOCPZS,23410159,,,,,,2,2
1790,COMPLETED,2009-09-27 19:43:52,2009-09-27 20:27:48,2636,14531464,469,VBERLYCZ,14531464,,,,,,2,2
1791,COMPLETED,2009-09-27 23:04:03,2009-09-28 22:57:19,85996,51020046,765,PEYRVYMN,51020046,,,,,,2,2
1792,COMPLETED,2009-09-28 03:29:37,2009-09-28 03:57:56,1699,14041296,417,SQLRRWPO,14041296,1,,,,,,6
1793,COMPLETED,2009-09-28 07:53:00,2009-09-28 10:21:38,8918,33520163,665,VTPLJNDW,33520163,,,,,,2,2
1794,COMPLETED,2009-09-28 11:37:37,2009-09-29 13:47:03,94166,30560025,623,UCDMNMXM,30560025,2,,,,,,6
1795,COMPLETED,2009-09-28 11:42:40,2009-09-28 12:04:44,1324,12230695,231,ODRHMWZR,12230695,2,,,,,,6
1796,COMPLETED,2009-09-28 11:45:12,2009-09-28 12:23:50,2318,13251040,318,UWCDTGXJ,13251040,,,,,1,,3
1797,COMPLETED,2009-09-28 11:55:57,2009-09-28 12:18:42,1365,54040188,804,XXPIKUHM,54040188,,,,,2,,3
1798,COMPLETED,2009-09-28 12:27:23,2009-09-28 12:47:22,1199,44540215,744,UVQMCHOX,44540215,1,,,,,,6
1799,COMPLETED,2009-09-28 12:34:11,2009-09-28 12:59:07,1496,92730126,981,FMSEQBEK,92730126,2,,,,,,6
1800,COMPLETED,2009-09-28 15:54:33,2009-09-28 16:15:08,1235,13411080,329,GCYPTXUK,13411080,,,,,,2,2
1801,COMPLETED,2009-09-28 17:20:27,2009-09-28 18:00:08,2381,13851234,400,MBPHQCZR,13851234,2,,,,,,6
1802,COMPLETED,2009-09-28 17:59:49,2009-09-28 19:00:40,3651,10250056,25,GLPYZVTA,10250056,,,2,,,,1
1803,COMPLETED,2009-09-28 18:43:43,2009-09-28 18:58:03,860,13521107,341,LVMKSTQC,13521107,,,,,,2,2
1804,COMPLETED,2009-09-28 19:22:06,2009-09-28 20:01:19,2353,10330075,31,DWFMDPVE,10330075,,1,,,,,5
1805,COMPLETED,2009-09-28 20:16:26,2009-09-28 20:46:33,1807,23830180,587,UXIUIBRI,23830180,,,,,1,,3
1806,COMPLETED,2009-09-28 20:27:48,2009-09-28 20:40:38,770,54020186,803,OEENKJQS,54020186,,1,,,,,5
1807,COMPLETED,2009-09-28 20:42:29,2009-09-28 21:34:25,3116,12530799,266,MLJABLJV,12530799,,,,,,1,2
1808,COMPLETED,2009-09-28 22:00:09,2009-09-28 22:10:10,601,12610815,274,KFZOJNGV,12610815,,,1,,,,1
1809,COMPLETED,2009-09-28 22:02:10,2009-09-28 23:03:43,3693,54350205,810,ONHCOALT,54350205,,,,2,,,4
1810,COMPLETED,2009-09-28 22:03:43,2009-09-28 22:35:54,1931,13651157,365,NQJDHSWF,13651157,,1,,,,,5
1811,COMPLETED,2009-09-28 23:58:51,2009-09-29 01:01:19,3748,75020247,936,CGREVZOK,75020247,,,,,1,,3
1812,COMPLETED,2009-09-29 11:28:59,2009-09-29 11:35:18,379,54830229,822,NVJSKLSX,54830229,,1,,,,,5
1813,COMPLETED,2009-09-29 12:37:41,2009-10-01 11:35:28,169067,14051301,421,VNEXROGS,14051301,2,,,,,,6
1814,COMPLETED,2009-09-29 13:18:10,2009-10-09 12:34:51,861401,72930138,922,ZEXFLOCY,72930138,,,,2,,,4
1815,COMPLETED,2009-09-29 14:39:24,2009-09-29 18:40:58,14494,24450212,601,HCKYIIPO,24450212,,,,2,,,4
1816,COMPLETED,2009-09-29 14:56:58,2009-09-29 15:08:16,678,10350086,36,NHXBHEIK,10350086,2,,,,,,6
1817,COMPLETED,2009-09-29 15:04:13,2009-09-29 20:24:19,19206,14541486,478,XHQOGGXB,14541486,,,,,,2,2
1818,COMPLETED,2009-09-29 15:04:15,2009-09-29 15:17:50,815,11610488,158,WVVFWOUH,11610488,,,,,2,,3
1,DROPOUT,2009-09-29 15:34:50,,,*SURVEY EDITOR TESTRUN*,,,,,,,,,,
1819,COMPLETED,2009-09-29 15:43:09,2009-09-30 17:54:53,94304,84210207,960,OILBGSPL,84210207,,1,,,,,5
1820,COMPLETED,2009-09-29 18:05:42,2009-09-29 21:42:53,13031,61150053,842,KIPXZQRQ,61150053,,,,,2,,3
1821,COMPLETED,2009-09-29 18:30:28,2009-09-29 18:50:53,1225,30150004,616,EJFRTEWV,30150004,,,,,2,,3
1822,COMPLETED,2009-09-29 18:42:36,2009-09-29 19:00:23,1067,20920042,545,JNEVHRIO,20920042,,2,,,,,5
1823,COMPLETED,2009-09-29 19:10:19,2009-09-29 19:24:43,864,43640169,726,OBUGSAAR,43640169,,,,,1,,3
1824,COMPLETED,2009-09-29 21:20:51,2009-09-29 22:09:58,2947,53250151,792,IVVCVVSB,53250151,2,,,,,,6
1825,COMPLETED,2009-09-29 21:59:05,2009-09-29 22:12:59,834,13641154,363,VDSNEYIR,13641154,,,,2,,,4
1826,COMPLETED,2009-09-29 22:17:51,2009-09-29 22:33:49,958,33910181,671,TDAXMCVP,33910181,,2,,,,,5
1827,COMPLETED,2009-09-30 00:33:32,2009-09-30 00:52:35,1143,60720030,835,CYJKHIUF,60720030,,1,,,,,5
1828,COMPLETED,2009-09-30 07:16:14,2009-09-30 07:49:37,2003,10950301,87,UMGFMSPS,10950301,,,,,,1,2
1829,COMPLETED,2009-09-30 11:32:17,2009-09-30 16:32:06,17989,14631519,490,YOHFQKJC,14631519,,,,,1,,3
1830,COMPLETED,2009-09-30 13:06:13,2009-09-30 13:24:38,1105,12710851,285,FQHDOYHT,12710851,,,,,,1,2
1831,COMPLETED,2009-09-30 13:17:08,2009-10-02 10:38:04,163256,70530022,903,FKPGTCQJ,70530022,,,2,,,,1
1832,COMPLETED,2009-09-30 13:43:50,2009-09-30 21:10:01,26771,10230041,19,NPNRZWLN,10230041,,,,2,,,4
1833,COMPLETED,2009-09-30 13:54:58,2009-09-30 14:35:35,2437,43950185,729,GCZPDMWX,43950185,,,,2,,,4
1834,COMPLETED,2009-09-30 14:21:38,2009-09-30 14:47:23,1545,13621141,355,KKGWFHPA,13621141,,,2,,,,1
1835,COMPLETED,2009-09-30 14:39:55,2009-09-30 15:01:27,1292,14531458,466,HMYRYPRH,14531458,,,,1,,,4
1836,COMPLETED,2009-09-30 15:08:29,2009-09-30 15:54:19,2750,73620166,924,QEVYSPEY,73620166,,,1,,,,1
1837,COMPLETED,2009-09-30 15:09:51,2009-09-30 15:27:16,1045,14731554,505,RJLTAPGX,14731554,,,,,1,,3
1838,COMPLETED,2009-09-30 15:21:08,2009-09-30 15:31:26,618,14741556,506,PDDMRRDN,14741556,2,,,,,,6
1839,COMPLETED,2009-09-30 15:49:18,2009-09-30 16:02:55,817,23350158,582,PGLNKIOG,23350158,,,1,,,,1
1840,COMPLETED,2009-09-30 15:55:36,2009-09-30 21:54:32,21536,12250708,237,QLWHSVQW,12250708,,,,,2,,3
1841,COMPLETED,2009-09-30 17:07:21,2009-09-30 23:42:47,23726,23630168,585,CTPCBGCI,23630168,,1,,,,,5
1842,COMPLETED,2009-09-30 18:35:29,2009-09-30 19:05:32,1803,10350085,35,OTHXECFJ,10350085,,,,,1,,3
1843,COMPLETED,2009-09-30 18:58:54,2009-09-30 19:07:11,497,82310106,948,XDJWUISP,82310106,,,1,,,,1
1844,COMPLETED,2009-09-30 19:44:32,2009-09-30 20:19:24,2092,34730228,689,RMOTHNFF,34730228,,,,2,,,4
1845,COMPLETED,2009-09-30 20:27:41,2009-09-30 20:48:32,1251,10710207,62,JFKLNJML,10710207,,,,,1,,3
1846,COMPLETED,2009-09-30 21:09:26,2009-09-30 21:16:28,422,14121311,426,UHHBAXHB,14121311,,,2,,,,1
1847,COMPLETED,2009-10-01 09:15:07,2009-10-01 09:29:45,878,11230389,128,YVMWVECG,11230389,2,,,,,,6
1848,COMPLETED,2009-10-01 12:36:01,2009-10-01 12:38:58,177,31630073,639,IOXVIXOT,31630073,1,,,,,,6
1849,COMPLETED,2009-10-01 13:02:05,2009-10-01 15:24:33,8548,73540164,923,RIKVCWWM,73540164,2,,,,,,6
1850,COMPLETED,2009-10-01 18:03:29,2009-10-01 18:49:28,2759,12220687,225,RCZXMGDN,12220687,2,,,,,,6
1851,COMPLETED,2009-10-01 18:43:15,2009-10-01 19:20:29,2234,11340424,137,BXWDLVIF,11340424,,,,,1,,3
1852,COMPLETED,2009-10-01 21:51:18,2009-10-01 22:11:57,1239,13841227,398,CFYZBKYH,13841227,,,,,,2,2
1853,COMPLETED,2009-10-02 03:57:07,2009-10-02 04:12:39,932,81150054,940,LQMMKODB,81150054,,,,,,1,2
1854,COMPLETED,2009-10-02 05:58:12,2009-10-02 07:08:56,4244,10140018,11,JHWJRQLK,10140018,2,,,,,,6
1855,COMPLETED,2009-10-02 08:42:05,2009-10-02 08:51:55,590,13151005,305,PBIKBJVS,13151005,,,1,,,,1
1856,COMPLETED,2009-10-02 16:36:02,2009-10-02 16:47:26,684,13841222,395,REDEXSLG,13841222,,,,2,,,4
1857,COMPLETED,2009-10-03 13:46:07,2009-10-03 14:02:53,1006,10560162,50,VCMRHREG,10560162,,,,,1,,3
1858,COMPLETED,2009-10-03 14:44:54,2009-10-03 15:20:20,2126,72330108,919,LMUSPMTZ,72330108,,2,,,,,5
1859,COMPLETED,2009-10-03 15:26:07,2009-10-03 15:43:10,1023,13451101,339,TQUHNYQE,13451101,,,1,,,,1
1860,COMPLETED,2009-10-04 02:40:26,2009-10-04 03:30:25,2999,11950605,200,KDDYYZPO,11950605,,,,2,,,4
1861,COMPLETED,2009-10-04 10:22:42,2009-10-04 10:30:10,448,13441096,337,TYEQBLAH,13441096,,,,,,2,2
1862,COMPLETED,2009-10-05 14:36:30,2009-10-05 14:52:36,966,51240058,769,MRFCPXSL,51240058,,,2,,,,1
1863,COMPLETED,2009-10-05 17:16:05,2009-10-05 17:20:45,280,14631521,491,WIOCLJJY,14631521,1,,,,,,6
1864,COMPLETED,2009-10-06 00:36:35,2009-10-19 13:29:29,1169574,95020247,996,RPKHGOYC,95020247,,,,,,2,2
1865,COMPLETED,2009-10-06 09:58:31,2009-10-06 10:14:06,935,70240008,901,FAISFZYT,70240008,,2,,,,,5
1866,COMPLETED,2009-10-06 13:16:51,2009-10-06 13:28:52,721,13621142,356,XHUAKKEC,13621142,2,,,,,,6
1867,COMPLETED,2009-10-06 15:28:53,2009-10-06 15:38:18,565,14711536,498,KAEFTFSF,14711536,,,2,,,,1
1868,COMPLETED,2009-10-06 17:41:52,2009-10-06 21:51:05,14953,12510781,263,EIEBCWBH,12510781,2,,,,,,6
1869,COMPLETED,2009-10-07 23:14:45,2009-10-07 23:28:51,846,13421086,333,LSKWRGMC,13421086,,2,,,,,5
1870,COMPLETED,2009-10-08 11:01:24,2009-10-08 11:17:40,976,40140003,692,GIDRSSWB,40140003,,1,,,,,5
1871,COMPLETED,2009-10-09 10:20:01,2009-10-09 10:55:47,2146,11830568,186,TTGTLSSH,11830568,1,,,,,,6
1872,COMPLETED,2009-10-09 20:49:03,2009-10-09 20:51:21,138,1r3866916,,,1r3866916,,,,,1,,3
1873,COMPLETED,2009-10-10 10:37:09,2009-10-10 10:49:01,712,12430762,253,YOVIMOZT,12430762,,,,,,2,2
1874,COMPLETED,2009-10-10 22:34:28,2009-10-10 23:19:05,2677,14911600,517,JQLQJOKG,14911600,,,,2,,,4
1875,COMPLETED,2009-10-11 14:05:56,2009-10-11 14:23:42,1066,11640510,166,EBMMCWPM,11640510,,,,2,,,4
1876,COMPLETED,2009-10-11 14:16:49,2009-10-11 14:31:12,863,10840256,77,EFOSEFXN,10840256,,,,,2,,3
1877,COMPLETED,2009-10-12 21:13:49,2009-10-12 21:26:34,765,23120145,579,YXWWJXUT,23120145,,1,,,,,5
1878,COMPLETED,2009-10-12 21:33:04,2009-10-12 21:46:22,798,41020046,701,LCGDRLVY,41020046,1,,,,,,6
1879,COMPLETED,2009-10-14 17:57:14,2009-10-14 18:18:53,1299,11210380,124,QQTHRHCK,11210380,1,,,,,,6
1880,COMPLETED,2009-10-15 01:45:17,2009-10-15 02:04:23,1146,33810177,670,FLUEDPJT,33810177,,,,,,1,2
1881,COMPLETED,2009-10-15 18:53:19,2009-10-15 19:36:58,2619,11020310,91,SSTXSBGN,11020310,,,,2,,,4
1882,COMPLETED,2009-10-15 20:29:55,2009-10-15 20:38:47,532,44130192,732,OXOTEIKX,44130192,,,1,,,,1
1883,COMPLETED,2009-10-15 23:29:56,2009-10-15 23:53:31,1415,14521455,464,UVCUMAIK,14521455,2,,,,,,6
1884,COMPLETED,2009-10-17 13:18:12,2009-10-17 13:59:46,2494,15041646,531,XQJRMOUP,15041646,,,2,,,,1
1885,COMPLETED,2009-10-19 17:54:18,2009-10-19 18:44:58,3040,13531114,343,LVUYRGGU,13531114,2,,,,,,6
1886,COMPLETED,2009-10-20 15:51:10,2009-10-20 16:14:59,1429,60140003,830,SYZGWOSL,60140003,,,,,1,,3
1887,COMPLETED,2009-10-20 19:09:55,2009-10-20 19:17:57,482,43240152,721,SCRGNQWY,43240152,,,,2,,,4
1888,DROPOUT,2009-10-20 19:27:51,,,14921608,521,YKKKHAFC,14921608,,,,,,,
1889,COMPLETED,2009-10-22 07:49:42,2009-10-22 08:19:24,1782,13631145,359,HWFFTDVA,13631145,,,2,,,,1
1890,COMPLETED,2009-10-26 14:33:47,2009-10-26 14:53:50,1203,13841231,399,JMGVWCME,13841231,,,1,,,,1
